Game,Player,ShotsTaken,HitsTaken,AccuracyRate
1,Player 1,28,17,60.71%
1,Player 2,17,7,41.18%
2,Player 1,27,17,62.96%
2,Player 2,14,4,28.57%
3,Player 1,26,17,65.38%
3,Player 2,11,4,36.36%
4,Player 1,24,17,70.83%
4,Player 2,12,6,50.00%
5,Player 1,45,17,37.78%
5,Player 2,36,8,22.22%
6,Player 1,33,17,51.52%
6,Player 2,27,10,37.04%
7,Player 1,43,17,39.53%
7,Player 2,44,15,34.09%
8,Player 1,25,17,68.00%
8,Player 2,6,1,16.67%
9,Player 1,42,17,40.48%
9,Player 2,38,14,36.84%
10,Player 1,38,3,7.89%
10,Player 2,53,17,32.08%
11,Player 1,23,17,73.91%
11,Player 2,4,1,25.00%
12,Player 1,28,17,60.71%
12,Player 2,10,1,10.00%
13,Player 1,26,17,65.38%
13,Player 2,7,0,0.00%
14,Player 1,23,17,73.91%
14,Player 2,3,0,0.00%
15,Player 1,25,17,68.00%
15,Player 2,10,3,30.00%
16,Player 1,24,17,70.83%
16,Player 2,21,11,52.38%
17,Player 1,23,17,73.91%
17,Player 2,5,0,0.00%
18,Player 1,32,17,53.13%
18,Player 2,16,2,12.50%
19,Player 1,52,6,11.54%
19,Player 2,63,17,26.98%
20,Player 1,26,17,65.38%
20,Player 2,10,5,50.00%
21,Player 1,25,17,68.00%
21,Player 2,18,11,61.11%
22,Player 1,29,17,58.62%
22,Player 2,10,0,0.00%
23,Player 1,26,17,65.38%
23,Player 2,14,6,42.86%
24,Player 1,24,17,70.83%
24,Player 2,4,0,0.00%
25,Player 1,31,17,54.84%
25,Player 2,23,10,43.48%
26,Player 1,27,17,62.96%
26,Player 2,18,9,50.00%
27,Player 1,42,17,40.48%
27,Player 2,38,14,36.84%
28,Player 1,23,17,73.91%
28,Player 2,8,3,37.50%
29,Player 1,30,17,56.67%
29,Player 2,24,10,41.67%
30,Player 1,25,17,68.00%
30,Player 2,13,5,38.46%
31,Player 1,25,17,68.00%
31,Player 2,6,0,0.00%
32,Player 1,25,17,68.00%
32,Player 2,5,0,0.00%
33,Player 1,21,17,80.95%
33,Player 2,9,5,55.56%
34,Player 1,24,17,70.83%
34,Player 2,3,0,0.00%
35,Player 1,23,4,17.39%
35,Player 2,38,17,44.74%
36,Player 1,20,17,85.00%
36,Player 2,1,0,0.00%
37,Player 1,21,17,80.95%
37,Player 2,3,0,0.00%
38,Player 1,28,17,60.71%
38,Player 2,16,7,43.75%
39,Player 1,25,17,68.00%
39,Player 2,7,0,0.00%
40,Player 1,22,17,77.27%
40,Player 2,2,0,0.00%
41,Player 1,27,17,62.96%
41,Player 2,24,13,54.17%
42,Player 1,23,17,73.91%
42,Player 2,4,0,0.00%
43,Player 1,30,17,56.67%
43,Player 2,16,4,25.00%
44,Player 1,23,17,73.91%
44,Player 2,6,3,50.00%
45,Player 1,28,17,60.71%
45,Player 2,23,12,52.17%
46,Player 1,26,17,65.38%
46,Player 2,10,3,30.00%
47,Player 1,30,17,56.67%
47,Player 2,12,0,0.00%
48,Player 1,23,17,73.91%
48,Player 2,17,9,52.94%
49,Player 1,22,17,77.27%
49,Player 2,7,4,57.14%
50,Player 1,21,17,80.95%
50,Player 2,3,0,0.00%
51,Player 1,37,17,45.95%
51,Player 2,27,7,25.93%
52,Player 1,28,17,60.71%
52,Player 2,21,11,52.38%
53,Player 1,21,17,80.95%
53,Player 2,2,0,0.00%
54,Player 1,22,17,77.27%
54,Player 2,5,0,0.00%
55,Player 1,28,17,60.71%
55,Player 2,16,5,31.25%
56,Player 1,26,17,65.38%
56,Player 2,15,5,33.33%
57,Player 1,31,17,54.84%
57,Player 2,26,12,46.15%
58,Player 1,25,17,68.00%
58,Player 2,11,5,45.45%
59,Player 1,23,17,73.91%
59,Player 2,5,0,0.00%
60,Player 1,23,17,73.91%
60,Player 2,5,0,0.00%
61,Player 1,28,17,60.71%
61,Player 2,12,3,25.00%
62,Player 1,23,17,73.91%
62,Player 2,4,0,0.00%
63,Player 1,23,17,73.91%
63,Player 2,5,0,0.00%
64,Player 1,26,17,65.38%
64,Player 2,13,6,46.15%
65,Player 1,25,17,68.00%
65,Player 2,12,5,41.67%
66,Player 1,24,17,70.83%
66,Player 2,9,3,33.33%
67,Player 1,22,17,77.27%
67,Player 2,4,0,0.00%
68,Player 1,26,17,65.38%
68,Player 2,6,0,0.00%
69,Player 1,25,17,68.00%
69,Player 2,23,15,65.22%
70,Player 1,28,17,60.71%
70,Player 2,13,3,23.08%
71,Player 1,29,17,58.62%
71,Player 2,16,5,31.25%
72,Player 1,26,17,65.38%
72,Player 2,7,1,14.29%
73,Player 1,23,17,73.91%
73,Player 2,4,0,0.00%
74,Player 1,31,17,54.84%
74,Player 2,20,6,30.00%
75,Player 1,26,17,65.38%
75,Player 2,17,8,47.06%
76,Player 1,22,17,77.27%
76,Player 2,10,5,50.00%
77,Player 1,48,17,35.42%
77,Player 2,42,12,28.57%
78,Player 1,25,17,68.00%
78,Player 2,7,0,0.00%
79,Player 1,27,17,62.96%
79,Player 2,19,9,47.37%
80,Player 1,29,17,58.62%
80,Player 2,13,2,15.38%
81,Player 1,30,17,56.67%
81,Player 2,11,0,0.00%
82,Player 1,29,17,58.62%
82,Player 2,22,11,50.00%
83,Player 1,23,17,73.91%
83,Player 2,4,0,0.00%
84,Player 1,27,17,62.96%
84,Player 2,16,7,43.75%
85,Player 1,26,17,65.38%
85,Player 2,18,9,50.00%
86,Player 1,24,17,70.83%
86,Player 2,6,0,0.00%
87,Player 1,28,17,60.71%
87,Player 2,12,3,25.00%
88,Player 1,27,17,62.96%
88,Player 2,8,0,0.00%
89,Player 1,28,17,60.71%
89,Player 2,9,0,0.00%
90,Player 1,30,17,56.67%
90,Player 2,14,3,21.43%
91,Player 1,41,17,41.46%
91,Player 2,31,7,22.58%
92,Player 1,26,17,65.38%
92,Player 2,15,9,60.00%
93,Player 1,25,17,68.00%
93,Player 2,12,5,41.67%
94,Player 1,30,4,13.33%
94,Player 2,44,17,38.64%
95,Player 1,25,17,68.00%
95,Player 2,7,1,14.29%
96,Player 1,27,17,62.96%
96,Player 2,13,4,30.77%
97,Player 1,42,17,40.48%
97,Player 2,39,15,38.46%
98,Player 1,24,17,70.83%
98,Player 2,5,0,0.00%
99,Player 1,26,17,65.38%
99,Player 2,8,1,12.50%
100,Player 1,23,5,21.74%
100,Player 2,36,17,47.22%
101,Player 1,30,3,10.00%
101,Player 2,45,17,37.78%
102,Player 1,36,17,47.22%
102,Player 2,23,6,26.09%
103,Player 1,26,17,65.38%
103,Player 2,6,0,0.00%
104,Player 1,19,17,89.47%
104,Player 2,1,0,0.00%
105,Player 1,24,17,70.83%
105,Player 2,3,0,0.00%
106,Player 1,23,17,73.91%
106,Player 2,6,0,0.00%
107,Player 1,25,17,68.00%
107,Player 2,9,3,33.33%
108,Player 1,28,17,60.71%
108,Player 2,15,5,33.33%
109,Player 1,29,17,58.62%
109,Player 2,12,3,25.00%
110,Player 1,29,17,58.62%
110,Player 2,13,4,30.77%
111,Player 1,21,17,80.95%
111,Player 2,2,0,0.00%
112,Player 1,23,17,73.91%
112,Player 2,4,0,0.00%
113,Player 1,24,17,70.83%
113,Player 2,6,0,0.00%
114,Player 1,26,17,65.38%
114,Player 2,12,4,33.33%
115,Player 1,21,17,80.95%
115,Player 2,4,0,0.00%
116,Player 1,27,17,62.96%
116,Player 2,14,4,28.57%
117,Player 1,24,17,70.83%
117,Player 2,5,0,0.00%
118,Player 1,28,17,60.71%
118,Player 2,14,5,35.71%
119,Player 1,26,17,65.38%
119,Player 2,19,10,52.63%
120,Player 1,28,17,60.71%
120,Player 2,8,0,0.00%
121,Player 1,24,17,70.83%
121,Player 2,8,3,37.50%
122,Player 1,26,17,65.38%
122,Player 2,11,4,36.36%
123,Player 1,25,17,68.00%
123,Player 2,7,1,14.29%
124,Player 1,25,17,68.00%
124,Player 2,14,6,42.86%
125,Player 1,26,17,65.38%
125,Player 2,7,0,0.00%
126,Player 1,25,17,68.00%
126,Player 2,17,8,47.06%
127,Player 1,23,17,73.91%
127,Player 2,4,0,0.00%
128,Player 1,26,17,65.38%
128,Player 2,7,0,0.00%
129,Player 1,25,17,68.00%
129,Player 2,7,0,0.00%
130,Player 1,39,3,7.69%
130,Player 2,52,17,32.69%
131,Player 1,23,17,73.91%
131,Player 2,9,4,44.44%
132,Player 1,21,17,80.95%
132,Player 2,2,0,0.00%
133,Player 1,25,17,68.00%
133,Player 2,15,9,60.00%
134,Player 1,22,17,77.27%
134,Player 2,6,3,50.00%
135,Player 1,27,17,62.96%
135,Player 2,7,0,0.00%
136,Player 1,23,17,73.91%
136,Player 2,6,0,0.00%
137,Player 1,22,17,77.27%
137,Player 2,3,0,0.00%
138,Player 1,24,17,70.83%
138,Player 2,4,0,0.00%
139,Player 1,27,17,62.96%
139,Player 2,8,0,0.00%
140,Player 1,23,17,73.91%
140,Player 2,3,0,0.00%
141,Player 1,22,17,77.27%
141,Player 2,4,0,0.00%
142,Player 1,21,17,80.95%
142,Player 2,3,0,0.00%
143,Player 1,22,17,77.27%
143,Player 2,7,3,42.86%
144,Player 1,24,17,70.83%
144,Player 2,10,3,30.00%
145,Player 1,26,17,65.38%
145,Player 2,7,1,14.29%
146,Player 1,26,17,65.38%
146,Player 2,11,4,36.36%
147,Player 1,38,7,18.42%
147,Player 2,47,17,36.17%
148,Player 1,26,17,65.38%
148,Player 2,15,7,46.67%
149,Player 1,23,17,73.91%
149,Player 2,5,0,0.00%
150,Player 1,34,17,50.00%
150,Player 2,24,7,29.17%
151,Player 1,23,17,73.91%
151,Player 2,12,6,50.00%
152,Player 1,29,17,58.62%
152,Player 2,19,8,42.11%
153,Player 1,30,17,56.67%
153,Player 2,24,12,50.00%
154,Player 1,28,17,60.71%
154,Player 2,19,9,47.37%
155,Player 1,21,17,80.95%
155,Player 2,2,1,50.00%
156,Player 1,22,17,77.27%
156,Player 2,5,0,0.00%
157,Player 1,28,17,60.71%
157,Player 2,22,12,54.55%
158,Player 1,24,17,70.83%
158,Player 2,4,0,0.00%
159,Player 1,28,17,60.71%
159,Player 2,17,8,47.06%
160,Player 1,44,4,9.09%
160,Player 2,59,17,28.81%
161,Player 1,27,17,62.96%
161,Player 2,8,0,0.00%
162,Player 1,26,17,65.38%
162,Player 2,11,5,45.45%
163,Player 1,28,17,60.71%
163,Player 2,22,12,54.55%
164,Player 1,32,17,53.13%
164,Player 2,23,9,39.13%
165,Player 1,27,17,62.96%
165,Player 2,9,1,11.11%
166,Player 1,29,17,58.62%
166,Player 2,18,6,33.33%
167,Player 1,29,17,58.62%
167,Player 2,24,12,50.00%
168,Player 1,23,17,73.91%
168,Player 2,6,0,0.00%
169,Player 1,26,17,65.38%
169,Player 2,13,5,38.46%
170,Player 1,25,17,68.00%
170,Player 2,6,0,0.00%
171,Player 1,24,17,70.83%
171,Player 2,7,2,28.57%
172,Player 1,22,17,77.27%
172,Player 2,3,0,0.00%
173,Player 1,23,17,73.91%
173,Player 2,5,1,20.00%
174,Player 1,22,17,77.27%
174,Player 2,2,0,0.00%
175,Player 1,20,17,85.00%
175,Player 2,1,0,0.00%
176,Player 1,24,17,70.83%
176,Player 2,9,5,55.56%
177,Player 1,23,17,73.91%
177,Player 2,5,1,20.00%
178,Player 1,27,17,62.96%
178,Player 2,8,0,0.00%
179,Player 1,28,17,60.71%
179,Player 2,15,5,33.33%
180,Player 1,31,17,54.84%
180,Player 2,13,0,0.00%
181,Player 1,24,17,70.83%
181,Player 2,7,1,14.29%
182,Player 1,26,17,65.38%
182,Player 2,7,0,0.00%
183,Player 1,38,17,44.74%
183,Player 2,29,7,24.14%
184,Player 1,27,17,62.96%
184,Player 2,16,7,43.75%
185,Player 1,29,17,58.62%
185,Player 2,20,9,45.00%
186,Player 1,27,17,62.96%
186,Player 2,14,5,35.71%
187,Player 1,23,17,73.91%
187,Player 2,12,6,50.00%
188,Player 1,24,17,70.83%
188,Player 2,14,8,57.14%
189,Player 1,38,17,44.74%
189,Player 2,27,7,25.93%
190,Player 1,22,17,77.27%
190,Player 2,5,0,0.00%
191,Player 1,44,17,38.64%
191,Player 2,41,12,29.27%
192,Player 1,26,17,65.38%
192,Player 2,7,0,0.00%
193,Player 1,33,17,51.52%
193,Player 2,25,10,40.00%
194,Player 1,24,17,70.83%
194,Player 2,7,1,14.29%
195,Player 1,25,17,68.00%
195,Player 2,14,8,57.14%
196,Player 1,25,17,68.00%
196,Player 2,5,0,0.00%
197,Player 1,30,17,56.67%
197,Player 2,9,0,0.00%
198,Player 1,27,17,62.96%
198,Player 2,27,15,55.56%
199,Player 1,27,17,62.96%
199,Player 2,19,9,47.37%
200,Player 1,35,17,48.57%
200,Player 2,27,10,37.04%
201,Player 1,24,17,70.83%
201,Player 2,10,4,40.00%
202,Player 1,27,17,62.96%
202,Player 2,22,12,54.55%
203,Player 1,26,17,65.38%
203,Player 2,10,4,40.00%
204,Player 1,27,17,62.96%
204,Player 2,7,0,0.00%
205,Player 1,29,17,58.62%
205,Player 2,12,3,25.00%
206,Player 1,30,17,56.67%
206,Player 2,12,0,0.00%
207,Player 1,23,17,73.91%
207,Player 2,3,0,0.00%
208,Player 1,22,17,77.27%
208,Player 2,2,0,0.00%
209,Player 1,23,17,73.91%
209,Player 2,4,1,25.00%
210,Player 1,29,17,58.62%
210,Player 2,14,3,21.43%
211,Player 1,60,17,28.33%
211,Player 2,56,13,23.21%
212,Player 1,44,17,38.64%
212,Player 2,39,14,35.90%
213,Player 1,25,17,68.00%
213,Player 2,10,3,30.00%
214,Player 1,29,17,58.62%
214,Player 2,15,5,33.33%
215,Player 1,28,17,60.71%
215,Player 2,13,4,30.77%
216,Player 1,27,17,62.96%
216,Player 2,8,0,0.00%
217,Player 1,24,17,70.83%
217,Player 2,11,4,36.36%
218,Player 1,58,17,29.31%
218,Player 2,54,12,22.22%
219,Player 1,28,17,60.71%
219,Player 2,13,4,30.77%
220,Player 1,28,17,60.71%
220,Player 2,14,4,28.57%
221,Player 1,21,6,28.57%
221,Player 2,33,17,51.52%
222,Player 1,33,17,51.52%
222,Player 2,22,9,40.91%
223,Player 1,24,17,70.83%
223,Player 2,6,1,16.67%
224,Player 1,26,17,65.38%
224,Player 2,17,8,47.06%
225,Player 1,27,17,62.96%
225,Player 2,13,5,38.46%
226,Player 1,23,17,73.91%
226,Player 2,16,11,68.75%
227,Player 1,29,17,58.62%
227,Player 2,14,4,28.57%
228,Player 1,21,17,80.95%
228,Player 2,2,0,0.00%
229,Player 1,25,17,68.00%
229,Player 2,8,0,0.00%
230,Player 1,26,17,65.38%
230,Player 2,17,9,52.94%
231,Player 1,27,17,62.96%
231,Player 2,12,5,41.67%
232,Player 1,29,17,58.62%
232,Player 2,20,9,45.00%
233,Player 1,24,17,70.83%
233,Player 2,9,3,33.33%
234,Player 1,28,17,60.71%
234,Player 2,9,0,0.00%
235,Player 1,32,17,53.13%
235,Player 2,26,10,38.46%
236,Player 1,27,17,62.96%
236,Player 2,14,5,35.71%
237,Player 1,26,17,65.38%
237,Player 2,7,0,0.00%
238,Player 1,25,17,68.00%
238,Player 2,10,3,30.00%
239,Player 1,28,17,60.71%
239,Player 2,17,9,52.94%
240,Player 1,25,17,68.00%
240,Player 2,8,1,12.50%
241,Player 1,28,17,60.71%
241,Player 2,17,6,35.29%
242,Player 1,24,17,70.83%
242,Player 2,19,11,57.89%
243,Player 1,43,17,39.53%
243,Player 2,32,7,21.88%
244,Player 1,24,17,70.83%
244,Player 2,6,0,0.00%
245,Player 1,25,17,68.00%
245,Player 2,6,0,0.00%
246,Player 1,19,17,89.47%
246,Player 2,3,1,33.33%
247,Player 1,27,17,62.96%
247,Player 2,10,3,30.00%
248,Player 1,27,17,62.96%
248,Player 2,16,7,43.75%
249,Player 1,31,17,54.84%
249,Player 2,20,8,40.00%
250,Player 1,26,4,15.38%
250,Player 2,39,17,43.59%
251,Player 1,39,17,43.59%
251,Player 2,29,7,24.14%
252,Player 1,24,17,70.83%
252,Player 2,3,0,0.00%
253,Player 1,27,17,62.96%
253,Player 2,16,7,43.75%
254,Player 1,32,17,53.13%
254,Player 2,26,11,42.31%
255,Player 1,25,17,68.00%
255,Player 2,7,0,0.00%
256,Player 1,25,17,68.00%
256,Player 2,11,3,27.27%
257,Player 1,27,17,62.96%
257,Player 2,14,8,57.14%
258,Player 1,27,17,62.96%
258,Player 2,14,6,42.86%
259,Player 1,38,17,44.74%
259,Player 2,31,9,29.03%
260,Player 1,26,17,65.38%
260,Player 2,11,3,27.27%
261,Player 1,26,17,65.38%
261,Player 2,21,12,57.14%
262,Player 1,29,17,58.62%
262,Player 2,9,0,0.00%
263,Player 1,28,17,60.71%
263,Player 2,17,7,41.18%
264,Player 1,25,17,68.00%
264,Player 2,7,0,0.00%
265,Player 1,28,17,60.71%
265,Player 2,21,11,52.38%
266,Player 1,23,17,73.91%
266,Player 2,11,5,45.45%
267,Player 1,23,17,73.91%
267,Player 2,4,0,0.00%
268,Player 1,25,17,68.00%
268,Player 2,9,4,44.44%
269,Player 1,23,17,73.91%
269,Player 2,3,0,0.00%
270,Player 1,28,17,60.71%
270,Player 2,7,0,0.00%
271,Player 1,23,17,73.91%
271,Player 2,4,0,0.00%
272,Player 1,26,17,65.38%
272,Player 2,7,1,14.29%
273,Player 1,23,17,73.91%
273,Player 2,8,3,37.50%
274,Player 1,26,17,65.38%
274,Player 2,15,5,33.33%
275,Player 1,27,17,62.96%
275,Player 2,9,0,0.00%
276,Player 1,27,17,62.96%
276,Player 2,14,5,35.71%
277,Player 1,26,17,65.38%
277,Player 2,8,0,0.00%
278,Player 1,32,17,53.13%
278,Player 2,19,5,26.32%
279,Player 1,26,17,65.38%
279,Player 2,13,5,38.46%
280,Player 1,27,17,62.96%
280,Player 2,7,0,0.00%
281,Player 1,32,17,53.13%
281,Player 2,19,4,21.05%
282,Player 1,26,17,65.38%
282,Player 2,9,0,0.00%
283,Player 1,27,17,62.96%
283,Player 2,8,0,0.00%
284,Player 1,28,17,60.71%
284,Player 2,13,5,38.46%
285,Player 1,26,17,65.38%
285,Player 2,7,0,0.00%
286,Player 1,25,17,68.00%
286,Player 2,13,7,53.85%
287,Player 1,24,17,70.83%
287,Player 2,5,0,0.00%
288,Player 1,25,17,68.00%
288,Player 2,12,4,33.33%
289,Player 1,27,17,62.96%
289,Player 2,12,3,25.00%
290,Player 1,22,17,77.27%
290,Player 2,4,0,0.00%
291,Player 1,24,17,70.83%
291,Player 2,11,5,45.45%
292,Player 1,29,17,58.62%
292,Player 2,17,6,35.29%
293,Player 1,47,17,36.17%
293,Player 2,42,12,28.57%
294,Player 1,23,17,73.91%
294,Player 2,12,5,41.67%
295,Player 1,22,17,77.27%
295,Player 2,7,3,42.86%
296,Player 1,23,17,73.91%
296,Player 2,11,5,45.45%
297,Player 1,24,17,70.83%
297,Player 2,13,7,53.85%
298,Player 1,33,17,51.52%
298,Player 2,19,3,15.79%
299,Player 1,23,17,73.91%
299,Player 2,5,0,0.00%
300,Player 1,24,17,70.83%
300,Player 2,5,0,0.00%
301,Player 1,25,17,68.00%
301,Player 2,10,5,50.00%
302,Player 1,22,17,77.27%
302,Player 2,10,6,60.00%
303,Player 1,25,17,68.00%
303,Player 2,8,3,37.50%
304,Player 1,24,17,70.83%
304,Player 2,6,0,0.00%
305,Player 1,20,17,85.00%
305,Player 2,1,0,0.00%
306,Player 1,26,17,65.38%
306,Player 2,10,4,40.00%
307,Player 1,24,17,70.83%
307,Player 2,11,5,45.45%
308,Player 1,27,17,62.96%
308,Player 2,13,4,30.77%
309,Player 1,25,17,68.00%
309,Player 2,11,5,45.45%
310,Player 1,40,17,42.50%
310,Player 2,29,7,24.14%
311,Player 1,26,17,65.38%
311,Player 2,6,0,0.00%
312,Player 1,22,17,77.27%
312,Player 2,3,0,0.00%
313,Player 1,52,16,30.77%
313,Player 2,54,17,31.48%
314,Player 1,26,17,65.38%
314,Player 2,15,6,40.00%
315,Player 1,26,17,65.38%
315,Player 2,12,6,50.00%
316,Player 1,23,17,73.91%
316,Player 2,4,0,0.00%
317,Player 1,25,17,68.00%
317,Player 2,16,7,43.75%
318,Player 1,31,17,54.84%
318,Player 2,24,9,37.50%
319,Player 1,23,17,73.91%
319,Player 2,2,0,0.00%
320,Player 1,25,17,68.00%
320,Player 2,6,0,0.00%
321,Player 1,25,17,68.00%
321,Player 2,13,5,38.46%
322,Player 1,28,17,60.71%
322,Player 2,9,0,0.00%
323,Player 1,23,17,73.91%
323,Player 2,6,0,0.00%
324,Player 1,22,17,77.27%
324,Player 2,4,0,0.00%
325,Player 1,42,4,9.52%
325,Player 2,56,17,30.36%
326,Player 1,22,17,77.27%
326,Player 2,4,0,0.00%
327,Player 1,25,17,68.00%
327,Player 2,12,5,41.67%
328,Player 1,21,17,80.95%
328,Player 2,4,1,25.00%
329,Player 1,23,17,73.91%
329,Player 2,5,0,0.00%
330,Player 1,26,17,65.38%
330,Player 2,13,5,38.46%
331,Player 1,27,17,62.96%
331,Player 2,13,4,30.77%
332,Player 1,40,7,17.50%
332,Player 2,51,17,33.33%
333,Player 1,24,17,70.83%
333,Player 2,5,0,0.00%
334,Player 1,24,17,70.83%
334,Player 2,6,1,16.67%
335,Player 1,28,17,60.71%
335,Player 2,12,3,25.00%
336,Player 1,37,8,21.62%
336,Player 2,46,17,36.96%
337,Player 1,23,17,73.91%
337,Player 2,9,4,44.44%
338,Player 1,24,17,70.83%
338,Player 2,7,3,42.86%
339,Player 1,22,17,77.27%
339,Player 2,3,0,0.00%
340,Player 1,26,17,65.38%
340,Player 2,8,2,25.00%
341,Player 1,27,17,62.96%
341,Player 2,26,15,57.69%
342,Player 1,26,17,65.38%
342,Player 2,11,5,45.45%
343,Player 1,24,3,12.50%
343,Player 2,39,17,43.59%
344,Player 1,27,17,62.96%
344,Player 2,8,0,0.00%
345,Player 1,21,3,14.29%
345,Player 2,34,17,50.00%
346,Player 1,21,17,80.95%
346,Player 2,4,1,25.00%
347,Player 1,25,17,68.00%
347,Player 2,6,0,0.00%
348,Player 1,27,17,62.96%
348,Player 2,7,0,0.00%
349,Player 1,22,17,77.27%
349,Player 2,4,1,25.00%
350,Player 1,25,17,68.00%
350,Player 2,7,0,0.00%
351,Player 1,25,17,68.00%
351,Player 2,10,4,40.00%
352,Player 1,27,17,62.96%
352,Player 2,17,8,47.06%
353,Player 1,25,17,68.00%
353,Player 2,11,5,45.45%
354,Player 1,24,17,70.83%
354,Player 2,5,1,20.00%
355,Player 1,22,17,77.27%
355,Player 2,10,4,40.00%
356,Player 1,28,17,60.71%
356,Player 2,16,6,37.50%
357,Player 1,23,17,73.91%
357,Player 2,8,3,37.50%
358,Player 1,19,17,89.47%
358,Player 2,1,0,0.00%
359,Player 1,40,17,42.50%
359,Player 2,33,9,27.27%
360,Player 1,25,17,68.00%
360,Player 2,9,3,33.33%
361,Player 1,30,17,56.67%
361,Player 2,12,0,0.00%
362,Player 1,22,17,77.27%
362,Player 2,8,4,50.00%
363,Player 1,24,17,70.83%
363,Player 2,5,0,0.00%
364,Player 1,23,17,73.91%
364,Player 2,10,4,40.00%
365,Player 1,40,17,42.50%
365,Player 2,29,10,34.48%
366,Player 1,29,17,58.62%
366,Player 2,23,12,52.17%
367,Player 1,26,17,65.38%
367,Player 2,19,9,47.37%
368,Player 1,25,17,68.00%
368,Player 2,14,8,57.14%
369,Player 1,23,17,73.91%
369,Player 2,8,3,37.50%
370,Player 1,29,17,58.62%
370,Player 2,13,4,30.77%
371,Player 1,24,17,70.83%
371,Player 2,6,0,0.00%
372,Player 1,24,17,70.83%
372,Player 2,6,0,0.00%
373,Player 1,29,17,58.62%
373,Player 2,12,3,25.00%
374,Player 1,22,17,77.27%
374,Player 2,4,1,25.00%
375,Player 1,25,17,68.00%
375,Player 2,12,4,33.33%
376,Player 1,28,17,60.71%
376,Player 2,10,1,10.00%
377,Player 1,32,17,53.13%
377,Player 2,23,9,39.13%
378,Player 1,23,17,73.91%
378,Player 2,7,3,42.86%
379,Player 1,27,17,62.96%
379,Player 2,13,5,38.46%
380,Player 1,32,17,53.13%
380,Player 2,16,2,12.50%
381,Player 1,22,17,77.27%
381,Player 2,4,0,0.00%
382,Player 1,29,17,58.62%
382,Player 2,21,9,42.86%
383,Player 1,27,17,62.96%
383,Player 2,19,9,47.37%
384,Player 1,23,17,73.91%
384,Player 2,17,12,70.59%
385,Player 1,26,17,65.38%
385,Player 2,16,8,50.00%
386,Player 1,31,17,54.84%
386,Player 2,29,15,51.72%
387,Player 1,21,17,80.95%
387,Player 2,3,0,0.00%
388,Player 1,27,17,62.96%
388,Player 2,18,9,50.00%
389,Player 1,50,6,12.00%
389,Player 2,60,17,28.33%
390,Player 1,22,17,77.27%
390,Player 2,7,3,42.86%
391,Player 1,22,17,77.27%
391,Player 2,9,4,44.44%
392,Player 1,29,17,58.62%
392,Player 2,21,10,47.62%
393,Player 1,26,17,65.38%
393,Player 2,11,5,45.45%
394,Player 1,30,17,56.67%
394,Player 2,20,7,35.00%
395,Player 1,25,17,68.00%
395,Player 2,8,1,12.50%
396,Player 1,23,17,73.91%
396,Player 2,4,0,0.00%
397,Player 1,22,17,77.27%
397,Player 2,9,4,44.44%
398,Player 1,20,17,85.00%
398,Player 2,8,5,62.50%
399,Player 1,26,17,65.38%
399,Player 2,11,4,36.36%
400,Player 1,21,17,80.95%
400,Player 2,1,0,0.00%
401,Player 1,49,17,34.69%
401,Player 2,44,12,27.27%
402,Player 1,25,17,68.00%
402,Player 2,17,9,52.94%
403,Player 1,28,17,60.71%
403,Player 2,14,5,35.71%
404,Player 1,30,17,56.67%
404,Player 2,25,12,48.00%
405,Player 1,24,17,70.83%
405,Player 2,9,3,33.33%
406,Player 1,23,17,73.91%
406,Player 2,10,4,40.00%
407,Player 1,20,17,85.00%
407,Player 2,1,0,0.00%
408,Player 1,25,17,68.00%
408,Player 2,5,0,0.00%
409,Player 1,25,17,68.00%
409,Player 2,12,5,41.67%
410,Player 1,22,17,77.27%
410,Player 2,7,3,42.86%
411,Player 1,24,17,70.83%
411,Player 2,7,1,14.29%
412,Player 1,26,17,65.38%
412,Player 2,13,5,38.46%
413,Player 1,28,17,60.71%
413,Player 2,16,5,31.25%
414,Player 1,24,17,70.83%
414,Player 2,6,0,0.00%
415,Player 1,35,17,48.57%
415,Player 2,17,0,0.00%
416,Player 1,25,17,68.00%
416,Player 2,10,4,40.00%
417,Player 1,27,17,62.96%
417,Player 2,18,8,44.44%
418,Player 1,27,17,62.96%
418,Player 2,10,2,20.00%
419,Player 1,29,17,58.62%
419,Player 2,11,0,0.00%
420,Player 1,23,17,73.91%
420,Player 2,6,0,0.00%
421,Player 1,26,17,65.38%
421,Player 2,6,0,0.00%
422,Player 1,23,17,73.91%
422,Player 2,8,4,50.00%
423,Player 1,29,17,58.62%
423,Player 2,17,6,35.29%
424,Player 1,25,17,68.00%
424,Player 2,6,0,0.00%
425,Player 1,26,17,65.38%
425,Player 2,8,0,0.00%
426,Player 1,26,17,65.38%
426,Player 2,19,11,57.89%
427,Player 1,33,17,51.52%
427,Player 2,22,6,27.27%
428,Player 1,21,17,80.95%
428,Player 2,1,0,0.00%
429,Player 1,25,17,68.00%
429,Player 2,11,4,36.36%
430,Player 1,24,17,70.83%
430,Player 2,6,0,0.00%
431,Player 1,26,17,65.38%
431,Player 2,18,9,50.00%
432,Player 1,27,17,62.96%
432,Player 2,14,5,35.71%
433,Player 1,24,17,70.83%
433,Player 2,5,0,0.00%
434,Player 1,22,17,77.27%
434,Player 2,7,3,42.86%
435,Player 1,25,17,68.00%
435,Player 2,6,0,0.00%
436,Player 1,46,17,36.96%
436,Player 2,38,10,26.32%
437,Player 1,27,17,62.96%
437,Player 2,12,5,41.67%
438,Player 1,26,17,65.38%
438,Player 2,9,3,33.33%
439,Player 1,26,17,65.38%
439,Player 2,12,5,41.67%
440,Player 1,24,17,70.83%
440,Player 2,12,5,41.67%
441,Player 1,15,6,40.00%
441,Player 2,26,17,65.38%
442,Player 1,23,17,73.91%
442,Player 2,4,0,0.00%
443,Player 1,27,17,62.96%
443,Player 2,9,2,22.22%
444,Player 1,25,17,68.00%
444,Player 2,6,0,0.00%
445,Player 1,22,17,77.27%
445,Player 2,9,5,55.56%
446,Player 1,27,17,62.96%
446,Player 2,15,8,53.33%
447,Player 1,31,17,54.84%
447,Player 2,20,9,45.00%
448,Player 1,24,17,70.83%
448,Player 2,14,7,50.00%
449,Player 1,26,17,65.38%
449,Player 2,9,3,33.33%
450,Player 1,38,17,44.74%
450,Player 2,34,13,38.24%
451,Player 1,26,17,65.38%
451,Player 2,13,4,30.77%
452,Player 1,25,17,68.00%
452,Player 2,5,0,0.00%
453,Player 1,25,17,68.00%
453,Player 2,12,4,33.33%
454,Player 1,24,17,70.83%
454,Player 2,4,1,25.00%
455,Player 1,22,17,77.27%
455,Player 2,5,1,20.00%
456,Player 1,24,17,70.83%
456,Player 2,10,4,40.00%
457,Player 1,21,17,80.95%
457,Player 2,3,0,0.00%
458,Player 1,25,17,68.00%
458,Player 2,7,1,14.29%
459,Player 1,27,17,62.96%
459,Player 2,12,3,25.00%
460,Player 1,22,17,77.27%
460,Player 2,5,1,20.00%
461,Player 1,23,17,73.91%
461,Player 2,4,1,25.00%
462,Player 1,27,17,62.96%
462,Player 2,18,8,44.44%
463,Player 1,22,17,77.27%
463,Player 2,9,5,55.56%
464,Player 1,27,17,62.96%
464,Player 2,9,1,11.11%
465,Player 1,22,17,77.27%
465,Player 2,3,1,33.33%
466,Player 1,24,17,70.83%
466,Player 2,7,2,28.57%
467,Player 1,23,17,73.91%
467,Player 2,12,7,58.33%
468,Player 1,28,17,60.71%
468,Player 2,13,3,23.08%
469,Player 1,31,17,54.84%
469,Player 2,23,9,39.13%
470,Player 1,23,17,73.91%
470,Player 2,5,0,0.00%
471,Player 1,22,17,77.27%
471,Player 2,4,1,25.00%
472,Player 1,24,17,70.83%
472,Player 2,12,7,58.33%
473,Player 1,25,17,68.00%
473,Player 2,11,4,36.36%
474,Player 1,25,17,68.00%
474,Player 2,5,0,0.00%
475,Player 1,24,17,70.83%
475,Player 2,10,5,50.00%
476,Player 1,35,17,48.57%
476,Player 2,22,5,22.73%
477,Player 1,23,17,73.91%
477,Player 2,6,0,0.00%
478,Player 1,25,17,68.00%
478,Player 2,6,0,0.00%
479,Player 1,22,17,77.27%
479,Player 2,6,2,33.33%
480,Player 1,27,17,62.96%
480,Player 2,13,5,38.46%
481,Player 1,27,17,62.96%
481,Player 2,12,3,25.00%
482,Player 1,23,17,73.91%
482,Player 2,7,3,42.86%
483,Player 1,21,17,80.95%
483,Player 2,1,0,0.00%
484,Player 1,29,17,58.62%
484,Player 2,14,3,21.43%
485,Player 1,25,17,68.00%
485,Player 2,11,5,45.45%
486,Player 1,23,17,73.91%
486,Player 2,11,7,63.64%
487,Player 1,26,17,65.38%
487,Player 2,11,4,36.36%
488,Player 1,26,17,65.38%
488,Player 2,8,2,25.00%
489,Player 1,35,15,42.86%
489,Player 2,39,17,43.59%
490,Player 1,46,6,13.04%
490,Player 2,57,17,29.82%
491,Player 1,21,17,80.95%
491,Player 2,7,3,42.86%
492,Player 1,25,17,68.00%
492,Player 2,7,0,0.00%
493,Player 1,26,17,65.38%
493,Player 2,14,6,42.86%
494,Player 1,23,17,73.91%
494,Player 2,7,1,14.29%
495,Player 1,33,17,51.52%
495,Player 2,32,14,43.75%
496,Player 1,27,17,62.96%
496,Player 2,12,4,33.33%
497,Player 1,72,17,23.61%
497,Player 2,65,10,15.38%
498,Player 1,27,17,62.96%
498,Player 2,8,0,0.00%
499,Player 1,80,9,11.25%
499,Player 2,87,17,19.54%
500,Player 1,38,17,44.74%
500,Player 2,32,11,34.38%
501,Player 1,27,17,62.96%
501,Player 2,17,7,41.18%
502,Player 1,23,17,73.91%
502,Player 2,4,1,25.00%
503,Player 1,22,17,77.27%
503,Player 2,3,0,0.00%
504,Player 1,26,17,65.38%
504,Player 2,13,5,38.46%
505,Player 1,25,17,68.00%
505,Player 2,13,6,46.15%
506,Player 1,24,17,70.83%
506,Player 2,4,0,0.00%
507,Player 1,44,17,38.64%
507,Player 2,41,14,34.15%
508,Player 1,30,17,56.67%
508,Player 2,22,10,45.45%
509,Player 1,32,5,15.63%
509,Player 2,44,17,38.64%
510,Player 1,24,17,70.83%
510,Player 2,11,5,45.45%
511,Player 1,24,17,70.83%
511,Player 2,12,5,41.67%
512,Player 1,27,17,62.96%
512,Player 2,14,4,28.57%
513,Player 1,23,17,73.91%
513,Player 2,6,3,50.00%
514,Player 1,24,17,70.83%
514,Player 2,5,0,0.00%
515,Player 1,26,17,65.38%
515,Player 2,9,2,22.22%
516,Player 1,26,17,65.38%
516,Player 2,15,6,40.00%
517,Player 1,37,8,21.62%
517,Player 2,46,17,36.96%
518,Player 1,24,17,70.83%
518,Player 2,5,0,0.00%
519,Player 1,28,17,60.71%
519,Player 2,19,7,36.84%
520,Player 1,21,17,80.95%
520,Player 2,4,1,25.00%
521,Player 1,27,17,62.96%
521,Player 2,14,4,28.57%
522,Player 1,26,17,65.38%
522,Player 2,12,3,25.00%
523,Player 1,25,17,68.00%
523,Player 2,7,2,28.57%
524,Player 1,27,17,62.96%
524,Player 2,7,0,0.00%
525,Player 1,24,17,70.83%
525,Player 2,5,0,0.00%
526,Player 1,24,17,70.83%
526,Player 2,6,0,0.00%
527,Player 1,26,17,65.38%
527,Player 2,12,5,41.67%
528,Player 1,22,17,77.27%
528,Player 2,2,0,0.00%
529,Player 1,25,17,68.00%
529,Player 2,12,6,50.00%
530,Player 1,25,17,68.00%
530,Player 2,18,9,50.00%
531,Player 1,24,17,70.83%
531,Player 2,4,0,0.00%
532,Player 1,26,17,65.38%
532,Player 2,16,7,43.75%
533,Player 1,29,17,58.62%
533,Player 2,18,7,38.89%
534,Player 1,24,17,70.83%
534,Player 2,12,5,41.67%
535,Player 1,30,17,56.67%
535,Player 2,17,7,41.18%
536,Player 1,31,17,54.84%
536,Player 2,14,1,7.14%
537,Player 1,23,17,73.91%
537,Player 2,4,1,25.00%
538,Player 1,26,17,65.38%
538,Player 2,11,4,36.36%
539,Player 1,32,17,53.13%
539,Player 2,22,7,31.82%
540,Player 1,25,17,68.00%
540,Player 2,8,1,12.50%
541,Player 1,30,17,56.67%
541,Player 2,16,4,25.00%
542,Player 1,25,17,68.00%
542,Player 2,10,5,50.00%
543,Player 1,30,17,56.67%
543,Player 2,12,1,8.33%
544,Player 1,22,17,77.27%
544,Player 2,6,1,16.67%
545,Player 1,26,17,65.38%
545,Player 2,21,11,52.38%
546,Player 1,22,17,77.27%
546,Player 2,5,1,20.00%
547,Player 1,24,17,70.83%
547,Player 2,9,2,22.22%
548,Player 1,23,17,73.91%
548,Player 2,8,4,50.00%
549,Player 1,23,17,73.91%
549,Player 2,6,1,16.67%
550,Player 1,26,17,65.38%
550,Player 2,18,8,44.44%
551,Player 1,22,17,77.27%
551,Player 2,10,5,50.00%
552,Player 1,28,17,60.71%
552,Player 2,19,8,42.11%
553,Player 1,26,17,65.38%
553,Player 2,13,5,38.46%
554,Player 1,25,17,68.00%
554,Player 2,13,5,38.46%
555,Player 1,29,17,58.62%
555,Player 2,15,4,26.67%
556,Player 1,25,17,68.00%
556,Player 2,12,6,50.00%
557,Player 1,28,17,60.71%
557,Player 2,13,4,30.77%
558,Player 1,24,17,70.83%
558,Player 2,7,0,0.00%
559,Player 1,25,17,68.00%
559,Player 2,12,5,41.67%
560,Player 1,25,17,68.00%
560,Player 2,19,11,57.89%
561,Player 1,21,17,80.95%
561,Player 2,4,1,25.00%
562,Player 1,56,9,16.07%
562,Player 2,63,17,26.98%
563,Player 1,24,17,70.83%
563,Player 2,8,3,37.50%
564,Player 1,24,17,70.83%
564,Player 2,12,5,41.67%
565,Player 1,30,17,56.67%
565,Player 2,18,5,27.78%
566,Player 1,24,17,70.83%
566,Player 2,5,0,0.00%
567,Player 1,24,17,70.83%
567,Player 2,8,3,37.50%
568,Player 1,22,17,77.27%
568,Player 2,3,0,0.00%
569,Player 1,23,17,73.91%
569,Player 2,13,8,61.54%
570,Player 1,26,17,65.38%
570,Player 2,19,10,52.63%
571,Player 1,27,17,62.96%
571,Player 2,18,9,50.00%
572,Player 1,24,17,70.83%
572,Player 2,15,7,46.67%
573,Player 1,21,17,80.95%
573,Player 2,10,6,60.00%
574,Player 1,21,17,80.95%
574,Player 2,3,1,33.33%
575,Player 1,22,17,77.27%
575,Player 2,3,0,0.00%
576,Player 1,25,17,68.00%
576,Player 2,13,4,30.77%
577,Player 1,25,17,68.00%
577,Player 2,13,5,38.46%
578,Player 1,28,17,60.71%
578,Player 2,15,7,46.67%
579,Player 1,26,17,65.38%
579,Player 2,7,0,0.00%
580,Player 1,22,17,77.27%
580,Player 2,7,2,28.57%
581,Player 1,44,6,13.64%
581,Player 2,55,17,30.91%
582,Player 1,21,17,80.95%
582,Player 2,4,0,0.00%
583,Player 1,27,17,62.96%
583,Player 2,11,4,36.36%
584,Player 1,24,17,70.83%
584,Player 2,10,3,30.00%
585,Player 1,25,17,68.00%
585,Player 2,13,6,46.15%
586,Player 1,23,17,73.91%
586,Player 2,2,0,0.00%
587,Player 1,24,17,70.83%
587,Player 2,6,1,16.67%
588,Player 1,24,17,70.83%
588,Player 2,5,0,0.00%
589,Player 1,24,17,70.83%
589,Player 2,6,0,0.00%
590,Player 1,33,17,51.52%
590,Player 2,20,6,30.00%
591,Player 1,26,17,65.38%
591,Player 2,11,4,36.36%
592,Player 1,49,17,34.69%
592,Player 2,40,9,22.50%
593,Player 1,21,17,80.95%
593,Player 2,9,5,55.56%
594,Player 1,23,17,73.91%
594,Player 2,8,3,37.50%
595,Player 1,28,17,60.71%
595,Player 2,13,4,30.77%
596,Player 1,25,17,68.00%
596,Player 2,6,0,0.00%
597,Player 1,23,17,73.91%
597,Player 2,14,9,64.29%
598,Player 1,26,17,65.38%
598,Player 2,11,5,45.45%
599,Player 1,23,17,73.91%
599,Player 2,10,4,40.00%
600,Player 1,25,17,68.00%
600,Player 2,15,7,46.67%
601,Player 1,27,17,62.96%
601,Player 2,9,0,0.00%
602,Player 1,24,17,70.83%
602,Player 2,4,0,0.00%
603,Player 1,29,17,58.62%
603,Player 2,15,4,26.67%
604,Player 1,27,17,62.96%
604,Player 2,15,7,46.67%
605,Player 1,21,17,80.95%
605,Player 2,4,0,0.00%
606,Player 1,25,17,68.00%
606,Player 2,16,9,56.25%
607,Player 1,53,17,32.08%
607,Player 2,47,11,23.40%
608,Player 1,25,17,68.00%
608,Player 2,12,5,41.67%
609,Player 1,25,17,68.00%
609,Player 2,11,3,27.27%
610,Player 1,26,17,65.38%
610,Player 2,6,0,0.00%
611,Player 1,21,17,80.95%
611,Player 2,4,0,0.00%
612,Player 1,28,17,60.71%
612,Player 2,16,6,37.50%
613,Player 1,21,17,80.95%
613,Player 2,2,0,0.00%
614,Player 1,26,17,65.38%
614,Player 2,8,0,0.00%
615,Player 1,26,17,65.38%
615,Player 2,11,3,27.27%
616,Player 1,21,17,80.95%
616,Player 2,1,0,0.00%
617,Player 1,25,17,68.00%
617,Player 2,10,3,30.00%
618,Player 1,21,17,80.95%
618,Player 2,1,0,0.00%
619,Player 1,22,17,77.27%
619,Player 2,9,4,44.44%
620,Player 1,23,17,73.91%
620,Player 2,7,3,42.86%
621,Player 1,22,17,77.27%
621,Player 2,4,1,25.00%
622,Player 1,21,17,80.95%
622,Player 2,4,1,25.00%
623,Player 1,23,17,73.91%
623,Player 2,9,4,44.44%
624,Player 1,24,17,70.83%
624,Player 2,9,5,55.56%
625,Player 1,25,17,68.00%
625,Player 2,9,3,33.33%
626,Player 1,30,17,56.67%
626,Player 2,15,4,26.67%
627,Player 1,27,17,62.96%
627,Player 2,13,4,30.77%
628,Player 1,31,17,54.84%
628,Player 2,22,8,36.36%
629,Player 1,22,17,77.27%
629,Player 2,3,0,0.00%
630,Player 1,25,17,68.00%
630,Player 2,9,2,22.22%
631,Player 1,26,17,65.38%
631,Player 2,7,0,0.00%
632,Player 1,23,17,73.91%
632,Player 2,6,0,0.00%
633,Player 1,27,17,62.96%
633,Player 2,16,6,37.50%
634,Player 1,39,17,43.59%
634,Player 2,36,14,38.89%
635,Player 1,27,17,62.96%
635,Player 2,18,8,44.44%
636,Player 1,27,17,62.96%
636,Player 2,9,0,0.00%
637,Player 1,24,17,70.83%
637,Player 2,5,0,0.00%
638,Player 1,27,17,62.96%
638,Player 2,11,3,27.27%
639,Player 1,32,17,53.13%
639,Player 2,14,1,7.14%
640,Player 1,27,17,62.96%
640,Player 2,10,2,20.00%
641,Player 1,25,17,68.00%
641,Player 2,12,4,33.33%
642,Player 1,27,17,62.96%
642,Player 2,13,3,23.08%
643,Player 1,25,17,68.00%
643,Player 2,6,0,0.00%
644,Player 1,20,17,85.00%
644,Player 2,3,0,0.00%
645,Player 1,21,17,80.95%
645,Player 2,1,0,0.00%
646,Player 1,29,17,58.62%
646,Player 2,14,3,21.43%
647,Player 1,24,17,70.83%
647,Player 2,6,0,0.00%
648,Player 1,24,17,70.83%
648,Player 2,5,0,0.00%
649,Player 1,24,17,70.83%
649,Player 2,4,0,0.00%
650,Player 1,26,17,65.38%
650,Player 2,18,8,44.44%
651,Player 1,26,17,65.38%
651,Player 2,8,0,0.00%
652,Player 1,22,17,77.27%
652,Player 2,9,6,66.67%
653,Player 1,27,17,62.96%
653,Player 2,8,0,0.00%
654,Player 1,23,17,73.91%
654,Player 2,3,0,0.00%
655,Player 1,25,17,68.00%
655,Player 2,5,0,0.00%
656,Player 1,25,17,68.00%
656,Player 2,13,7,53.85%
657,Player 1,24,17,70.83%
657,Player 2,13,7,53.85%
658,Player 1,25,17,68.00%
658,Player 2,10,4,40.00%
659,Player 1,32,17,53.13%
659,Player 2,17,5,29.41%
660,Player 1,34,17,50.00%
660,Player 2,25,8,32.00%
661,Player 1,32,17,53.13%
661,Player 2,24,10,41.67%
662,Player 1,33,17,51.52%
662,Player 2,17,3,17.65%
663,Player 1,24,17,70.83%
663,Player 2,9,2,22.22%
664,Player 1,24,17,70.83%
664,Player 2,5,1,20.00%
665,Player 1,27,17,62.96%
665,Player 2,13,5,38.46%
666,Player 1,27,17,62.96%
666,Player 2,20,11,55.00%
667,Player 1,35,6,17.14%
667,Player 2,47,17,36.17%
668,Player 1,23,17,73.91%
668,Player 2,12,5,41.67%
669,Player 1,26,17,65.38%
669,Player 2,5,0,0.00%
670,Player 1,23,17,73.91%
670,Player 2,4,0,0.00%
671,Player 1,25,17,68.00%
671,Player 2,18,8,44.44%
672,Player 1,30,17,56.67%
672,Player 2,18,7,38.89%
673,Player 1,28,17,60.71%
673,Player 2,18,9,50.00%
674,Player 1,24,17,70.83%
674,Player 2,6,0,0.00%
675,Player 1,25,17,68.00%
675,Player 2,11,4,36.36%
676,Player 1,27,17,62.96%
676,Player 2,12,2,16.67%
677,Player 1,27,17,62.96%
677,Player 2,12,3,25.00%
678,Player 1,23,17,73.91%
678,Player 2,3,0,0.00%
679,Player 1,22,17,77.27%
679,Player 2,2,0,0.00%
680,Player 1,26,17,65.38%
680,Player 2,11,5,45.45%
681,Player 1,30,17,56.67%
681,Player 2,14,4,28.57%
682,Player 1,27,17,62.96%
682,Player 2,14,5,35.71%
683,Player 1,26,17,65.38%
683,Player 2,13,5,38.46%
684,Player 1,20,17,85.00%
684,Player 2,1,0,0.00%
685,Player 1,26,17,65.38%
685,Player 2,14,5,35.71%
686,Player 1,21,17,80.95%
686,Player 2,4,1,25.00%
687,Player 1,29,17,58.62%
687,Player 2,22,10,45.45%
688,Player 1,21,17,80.95%
688,Player 2,4,0,0.00%
689,Player 1,25,17,68.00%
689,Player 2,16,7,43.75%
690,Player 1,27,17,62.96%
690,Player 2,15,7,46.67%
691,Player 1,23,17,73.91%
691,Player 2,11,5,45.45%
692,Player 1,25,17,68.00%
692,Player 2,15,7,46.67%
693,Player 1,25,17,68.00%
693,Player 2,11,3,27.27%
694,Player 1,25,17,68.00%
694,Player 2,17,8,47.06%
695,Player 1,26,17,65.38%
695,Player 2,8,2,25.00%
696,Player 1,50,9,18.00%
696,Player 2,59,17,28.81%
697,Player 1,25,17,68.00%
697,Player 2,7,2,28.57%
698,Player 1,56,8,14.29%
698,Player 2,64,17,26.56%
699,Player 1,31,17,54.84%
699,Player 2,18,6,33.33%
700,Player 1,33,17,51.52%
700,Player 2,25,10,40.00%
701,Player 1,27,17,62.96%
701,Player 2,12,3,25.00%
702,Player 1,30,17,56.67%
702,Player 2,18,7,38.89%
703,Player 1,24,17,70.83%
703,Player 2,7,0,0.00%
704,Player 1,24,17,70.83%
704,Player 2,5,0,0.00%
705,Player 1,25,17,68.00%
705,Player 2,9,4,44.44%
706,Player 1,25,17,68.00%
706,Player 2,6,1,16.67%
707,Player 1,29,17,58.62%
707,Player 2,19,9,47.37%
708,Player 1,28,17,60.71%
708,Player 2,14,4,28.57%
709,Player 1,25,17,68.00%
709,Player 2,8,0,0.00%
710,Player 1,23,17,73.91%
710,Player 2,10,5,50.00%
711,Player 1,21,17,80.95%
711,Player 2,9,5,55.56%
712,Player 1,23,17,73.91%
712,Player 2,5,0,0.00%
713,Player 1,52,17,32.69%
713,Player 2,41,5,12.20%
714,Player 1,75,10,13.33%
714,Player 2,82,17,20.73%
715,Player 1,19,17,89.47%
715,Player 2,1,0,0.00%
716,Player 1,24,17,70.83%
716,Player 2,6,0,0.00%
717,Player 1,26,17,65.38%
717,Player 2,21,12,57.14%
718,Player 1,23,17,73.91%
718,Player 2,9,4,44.44%
719,Player 1,29,17,58.62%
719,Player 2,20,9,45.00%
720,Player 1,28,17,60.71%
720,Player 2,14,5,35.71%
721,Player 1,28,17,60.71%
721,Player 2,14,5,35.71%
722,Player 1,29,17,58.62%
722,Player 2,12,2,16.67%
723,Player 1,25,17,68.00%
723,Player 2,13,6,46.15%
724,Player 1,27,17,62.96%
724,Player 2,16,7,43.75%
725,Player 1,25,17,68.00%
725,Player 2,6,0,0.00%
726,Player 1,24,17,70.83%
726,Player 2,4,0,0.00%
727,Player 1,24,17,70.83%
727,Player 2,6,0,0.00%
728,Player 1,24,17,70.83%
728,Player 2,4,0,0.00%
729,Player 1,27,17,62.96%
729,Player 2,11,3,27.27%
730,Player 1,26,17,65.38%
730,Player 2,15,6,40.00%
731,Player 1,24,17,70.83%
731,Player 2,12,5,41.67%
732,Player 1,26,17,65.38%
732,Player 2,14,5,35.71%
733,Player 1,29,17,58.62%
733,Player 2,13,3,23.08%
734,Player 1,26,17,65.38%
734,Player 2,14,6,42.86%
735,Player 1,24,17,70.83%
735,Player 2,7,1,14.29%
736,Player 1,93,17,18.28%
736,Player 2,91,15,16.48%
737,Player 1,25,17,68.00%
737,Player 2,8,2,25.00%
738,Player 1,26,17,65.38%
738,Player 2,14,6,42.86%
739,Player 1,24,17,70.83%
739,Player 2,7,0,0.00%
740,Player 1,27,17,62.96%
740,Player 2,14,5,35.71%
741,Player 1,22,17,77.27%
741,Player 2,4,0,0.00%
742,Player 1,23,17,73.91%
742,Player 2,8,3,37.50%
743,Player 1,27,17,62.96%
743,Player 2,12,4,33.33%
744,Player 1,25,17,68.00%
744,Player 2,11,5,45.45%
745,Player 1,21,17,80.95%
745,Player 2,2,0,0.00%
746,Player 1,21,17,80.95%
746,Player 2,2,0,0.00%
747,Player 1,54,17,31.48%
747,Player 2,52,14,26.92%
748,Player 1,26,17,65.38%
748,Player 2,11,4,36.36%
749,Player 1,26,17,65.38%
749,Player 2,10,3,30.00%
750,Player 1,25,17,68.00%
750,Player 2,12,5,41.67%
751,Player 1,23,17,73.91%
751,Player 2,5,0,0.00%
752,Player 1,21,17,80.95%
752,Player 2,3,0,0.00%
753,Player 1,24,17,70.83%
753,Player 2,3,0,0.00%
754,Player 1,26,17,65.38%
754,Player 2,12,4,33.33%
755,Player 1,21,17,80.95%
755,Player 2,1,0,0.00%
756,Player 1,29,17,58.62%
756,Player 2,13,3,23.08%
757,Player 1,27,17,62.96%
757,Player 2,11,3,27.27%
758,Player 1,22,17,77.27%
758,Player 2,7,4,57.14%
759,Player 1,58,17,29.31%
759,Player 2,57,15,26.32%
760,Player 1,26,17,65.38%
760,Player 2,6,0,0.00%
761,Player 1,31,17,54.84%
761,Player 2,23,10,43.48%
762,Player 1,29,17,58.62%
762,Player 2,11,1,9.09%
763,Player 1,27,17,62.96%
763,Player 2,13,5,38.46%
764,Player 1,27,17,62.96%
764,Player 2,14,5,35.71%
765,Player 1,26,17,65.38%
765,Player 2,9,0,0.00%
766,Player 1,27,17,62.96%
766,Player 2,8,1,12.50%
767,Player 1,36,17,47.22%
767,Player 2,30,12,40.00%
768,Player 1,40,6,15.00%
768,Player 2,51,17,33.33%
769,Player 1,44,17,38.64%
769,Player 2,40,13,32.50%
770,Player 1,22,17,77.27%
770,Player 2,3,0,0.00%
771,Player 1,27,17,62.96%
771,Player 2,19,8,42.11%
772,Player 1,43,17,39.53%
772,Player 2,34,8,23.53%
773,Player 1,25,17,68.00%
773,Player 2,13,7,53.85%
774,Player 1,23,17,73.91%
774,Player 2,5,0,0.00%
775,Player 1,25,17,68.00%
775,Player 2,7,0,0.00%
776,Player 1,47,17,36.17%
776,Player 2,38,8,21.05%
777,Player 1,23,17,73.91%
777,Player 2,5,0,0.00%
778,Player 1,24,17,70.83%
778,Player 2,9,4,44.44%
779,Player 1,22,17,77.27%
779,Player 2,5,0,0.00%
780,Player 1,24,17,70.83%
780,Player 2,6,0,0.00%
781,Player 1,26,17,65.38%
781,Player 2,17,8,47.06%
782,Player 1,24,17,70.83%
782,Player 2,7,1,14.29%
783,Player 1,26,17,65.38%
783,Player 2,12,3,25.00%
784,Player 1,30,17,56.67%
784,Player 2,16,4,25.00%
785,Player 1,29,17,58.62%
785,Player 2,12,1,8.33%
786,Player 1,29,17,58.62%
786,Player 2,9,0,0.00%
787,Player 1,30,5,16.67%
787,Player 2,44,17,38.64%
788,Player 1,26,17,65.38%
788,Player 2,10,2,20.00%
789,Player 1,24,17,70.83%
789,Player 2,9,4,44.44%
790,Player 1,26,17,65.38%
790,Player 2,10,3,30.00%
791,Player 1,36,17,47.22%
791,Player 2,26,8,30.77%
792,Player 1,20,17,85.00%
792,Player 2,2,0,0.00%
793,Player 1,24,17,70.83%
793,Player 2,5,0,0.00%
794,Player 1,24,17,70.83%
794,Player 2,5,0,0.00%
795,Player 1,29,17,58.62%
795,Player 2,19,8,42.11%
796,Player 1,25,17,68.00%
796,Player 2,14,6,42.86%
797,Player 1,27,17,62.96%
797,Player 2,9,0,0.00%
798,Player 1,29,17,58.62%
798,Player 2,18,7,38.89%
799,Player 1,25,17,68.00%
799,Player 2,14,5,35.71%
800,Player 1,27,17,62.96%
800,Player 2,17,9,52.94%
801,Player 1,31,17,54.84%
801,Player 2,17,5,29.41%
802,Player 1,27,17,62.96%
802,Player 2,21,9,42.86%
803,Player 1,25,17,68.00%
803,Player 2,14,5,35.71%
804,Player 1,21,17,80.95%
804,Player 2,3,1,33.33%
805,Player 1,23,17,73.91%
805,Player 2,4,0,0.00%
806,Player 1,26,17,65.38%
806,Player 2,7,0,0.00%
807,Player 1,18,17,94.44%
807,Player 2,1,0,0.00%
808,Player 1,22,17,77.27%
808,Player 2,4,0,0.00%
809,Player 1,27,17,62.96%
809,Player 2,9,0,0.00%
810,Player 1,23,17,73.91%
810,Player 2,8,3,37.50%
811,Player 1,24,17,70.83%
811,Player 2,6,0,0.00%
812,Player 1,23,17,73.91%
812,Player 2,7,3,42.86%
813,Player 1,28,17,60.71%
813,Player 2,21,12,57.14%
814,Player 1,31,17,54.84%
814,Player 2,18,8,44.44%
815,Player 1,25,17,68.00%
815,Player 2,17,10,58.82%
816,Player 1,23,17,73.91%
816,Player 2,5,0,0.00%
817,Player 1,26,17,65.38%
817,Player 2,16,7,43.75%
818,Player 1,20,17,85.00%
818,Player 2,2,0,0.00%
819,Player 1,23,17,73.91%
819,Player 2,4,0,0.00%
820,Player 1,27,17,62.96%
820,Player 2,13,5,38.46%
821,Player 1,22,17,77.27%
821,Player 2,10,5,50.00%
822,Player 1,23,17,73.91%
822,Player 2,4,1,25.00%
823,Player 1,28,17,60.71%
823,Player 2,12,3,25.00%
824,Player 1,23,17,73.91%
824,Player 2,7,3,42.86%
825,Player 1,24,17,70.83%
825,Player 2,5,0,0.00%
826,Player 1,27,17,62.96%
826,Player 2,15,5,33.33%
827,Player 1,27,17,62.96%
827,Player 2,13,4,30.77%
828,Player 1,27,17,62.96%
828,Player 2,10,3,30.00%
829,Player 1,31,17,54.84%
829,Player 2,17,5,29.41%
830,Player 1,42,17,40.48%
830,Player 2,29,5,17.24%
831,Player 1,28,17,60.71%
831,Player 2,15,5,33.33%
832,Player 1,23,17,73.91%
832,Player 2,3,0,0.00%
833,Player 1,23,17,73.91%
833,Player 2,12,5,41.67%
834,Player 1,25,17,68.00%
834,Player 2,7,0,0.00%
835,Player 1,32,16,50.00%
835,Player 2,32,17,53.13%
836,Player 1,26,17,65.38%
836,Player 2,9,0,0.00%
837,Player 1,28,17,60.71%
837,Player 2,12,4,33.33%
838,Player 1,27,17,62.96%
838,Player 2,15,5,33.33%
839,Player 1,29,17,58.62%
839,Player 2,12,4,33.33%
840,Player 1,24,17,70.83%
840,Player 2,5,0,0.00%
841,Player 1,25,17,68.00%
841,Player 2,10,3,30.00%
842,Player 1,19,17,89.47%
842,Player 2,1,0,0.00%
843,Player 1,32,17,53.13%
843,Player 2,26,11,42.31%
844,Player 1,30,17,56.67%
844,Player 2,23,10,43.48%
845,Player 1,26,17,65.38%
845,Player 2,11,2,18.18%
846,Player 1,25,17,68.00%
846,Player 2,11,4,36.36%
847,Player 1,24,17,70.83%
847,Player 2,5,0,0.00%
848,Player 1,24,17,70.83%
848,Player 2,4,0,0.00%
849,Player 1,25,17,68.00%
849,Player 2,6,0,0.00%
850,Player 1,27,17,62.96%
850,Player 2,12,3,25.00%
851,Player 1,23,17,73.91%
851,Player 2,7,5,71.43%
852,Player 1,28,17,60.71%
852,Player 2,12,3,25.00%
853,Player 1,25,17,68.00%
853,Player 2,15,8,53.33%
854,Player 1,26,17,65.38%
854,Player 2,7,0,0.00%
855,Player 1,29,17,58.62%
855,Player 2,11,0,0.00%
856,Player 1,21,17,80.95%
856,Player 2,9,4,44.44%
857,Player 1,26,17,65.38%
857,Player 2,16,8,50.00%
858,Player 1,38,17,44.74%
858,Player 2,34,13,38.24%
859,Player 1,33,17,51.52%
859,Player 2,22,7,31.82%
860,Player 1,23,17,73.91%
860,Player 2,5,0,0.00%
861,Player 1,26,17,65.38%
861,Player 2,7,0,0.00%
862,Player 1,23,17,73.91%
862,Player 2,9,3,33.33%
863,Player 1,22,17,77.27%
863,Player 2,3,0,0.00%
864,Player 1,26,17,65.38%
864,Player 2,6,0,0.00%
865,Player 1,28,17,60.71%
865,Player 2,11,1,9.09%
866,Player 1,43,17,39.53%
866,Player 2,27,4,14.81%
867,Player 1,24,17,70.83%
867,Player 2,6,0,0.00%
868,Player 1,26,17,65.38%
868,Player 2,8,0,0.00%
869,Player 1,31,17,54.84%
869,Player 2,17,4,23.53%
870,Player 1,23,17,73.91%
870,Player 2,3,0,0.00%
871,Player 1,26,5,19.23%
871,Player 2,39,17,43.59%
872,Player 1,24,17,70.83%
872,Player 2,7,1,14.29%
873,Player 1,27,17,62.96%
873,Player 2,9,0,0.00%
874,Player 1,26,17,65.38%
874,Player 2,8,0,0.00%
875,Player 1,27,17,62.96%
875,Player 2,9,1,11.11%
876,Player 1,34,7,20.59%
876,Player 2,44,17,38.64%
877,Player 1,26,17,65.38%
877,Player 2,7,0,0.00%
878,Player 1,26,17,65.38%
878,Player 2,16,8,50.00%
879,Player 1,28,17,60.71%
879,Player 2,8,0,0.00%
880,Player 1,21,17,80.95%
880,Player 2,5,1,20.00%
881,Player 1,24,17,70.83%
881,Player 2,11,5,45.45%
882,Player 1,26,17,65.38%
882,Player 2,13,5,38.46%
883,Player 1,25,17,68.00%
883,Player 2,9,2,22.22%
884,Player 1,32,17,53.13%
884,Player 2,20,7,35.00%
885,Player 1,22,17,77.27%
885,Player 2,5,0,0.00%
886,Player 1,26,17,65.38%
886,Player 2,11,3,27.27%
887,Player 1,29,17,58.62%
887,Player 2,9,0,0.00%
888,Player 1,56,17,30.36%
888,Player 2,53,14,26.42%
889,Player 1,25,17,68.00%
889,Player 2,7,0,0.00%
890,Player 1,33,17,51.52%
890,Player 2,24,8,33.33%
891,Player 1,27,17,62.96%
891,Player 2,17,8,47.06%
892,Player 1,27,17,62.96%
892,Player 2,8,0,0.00%
893,Player 1,24,17,70.83%
893,Player 2,4,0,0.00%
894,Player 1,25,17,68.00%
894,Player 2,6,0,0.00%
895,Player 1,25,17,68.00%
895,Player 2,16,9,56.25%
896,Player 1,25,17,68.00%
896,Player 2,12,6,50.00%
897,Player 1,25,17,68.00%
897,Player 2,13,6,46.15%
898,Player 1,26,17,65.38%
898,Player 2,13,6,46.15%
899,Player 1,27,17,62.96%
899,Player 2,11,4,36.36%
900,Player 1,48,16,33.33%
900,Player 2,49,17,34.69%
901,Player 1,33,17,51.52%
901,Player 2,24,11,45.83%
902,Player 1,24,17,70.83%
902,Player 2,6,0,0.00%
903,Player 1,32,17,53.13%
903,Player 2,20,5,25.00%
904,Player 1,29,17,58.62%
904,Player 2,13,3,23.08%
905,Player 1,25,17,68.00%
905,Player 2,13,5,38.46%
906,Player 1,27,17,62.96%
906,Player 2,8,0,0.00%
907,Player 1,24,17,70.83%
907,Player 2,16,11,68.75%
908,Player 1,20,17,85.00%
908,Player 2,2,0,0.00%
909,Player 1,22,17,77.27%
909,Player 2,2,0,0.00%
910,Player 1,40,17,42.50%
910,Player 2,38,14,36.84%
911,Player 1,25,17,68.00%
911,Player 2,9,3,33.33%
912,Player 1,22,17,77.27%
912,Player 2,4,2,50.00%
913,Player 1,25,17,68.00%
913,Player 2,6,1,16.67%
914,Player 1,29,17,58.62%
914,Player 2,16,4,25.00%
915,Player 1,27,17,62.96%
915,Player 2,19,10,52.63%
916,Player 1,24,17,70.83%
916,Player 2,9,5,55.56%
917,Player 1,23,17,73.91%
917,Player 2,14,9,64.29%
918,Player 1,29,17,58.62%
918,Player 2,11,0,0.00%
919,Player 1,25,17,68.00%
919,Player 2,15,8,53.33%
920,Player 1,30,17,56.67%
920,Player 2,23,12,52.17%
921,Player 1,25,17,68.00%
921,Player 2,12,5,41.67%
922,Player 1,25,17,68.00%
922,Player 2,7,0,0.00%
923,Player 1,30,17,56.67%
923,Player 2,22,10,45.45%
924,Player 1,26,4,15.38%
924,Player 2,40,17,42.50%
925,Player 1,22,17,77.27%
925,Player 2,5,1,20.00%
926,Player 1,32,17,53.13%
926,Player 2,28,14,50.00%
927,Player 1,20,17,85.00%
927,Player 2,2,1,50.00%
928,Player 1,27,17,62.96%
928,Player 2,11,2,18.18%
929,Player 1,25,17,68.00%
929,Player 2,6,0,0.00%
930,Player 1,29,17,58.62%
930,Player 2,17,8,47.06%
931,Player 1,57,11,19.30%
931,Player 2,63,17,26.98%
932,Player 1,23,17,73.91%
932,Player 2,4,0,0.00%
933,Player 1,23,17,73.91%
933,Player 2,13,8,61.54%
934,Player 1,27,17,62.96%
934,Player 2,17,8,47.06%
935,Player 1,22,17,77.27%
935,Player 2,9,5,55.56%
936,Player 1,41,17,41.46%
936,Player 2,38,12,31.58%
937,Player 1,29,17,58.62%
937,Player 2,17,5,29.41%
938,Player 1,23,17,73.91%
938,Player 2,5,0,0.00%
939,Player 1,28,17,60.71%
939,Player 2,16,5,31.25%
940,Player 1,23,17,73.91%
940,Player 2,10,5,50.00%
941,Player 1,31,17,54.84%
941,Player 2,12,0,0.00%
942,Player 1,20,17,85.00%
942,Player 2,2,0,0.00%
943,Player 1,23,17,73.91%
943,Player 2,2,0,0.00%
944,Player 1,33,17,51.52%
944,Player 2,21,7,33.33%
945,Player 1,28,17,60.71%
945,Player 2,10,0,0.00%
946,Player 1,44,17,38.64%
946,Player 2,33,7,21.21%
947,Player 1,36,17,47.22%
947,Player 2,33,13,39.39%
948,Player 1,27,17,62.96%
948,Player 2,7,0,0.00%
949,Player 1,26,17,65.38%
949,Player 2,9,1,11.11%
950,Player 1,26,17,65.38%
950,Player 2,15,7,46.67%
951,Player 1,23,17,73.91%
951,Player 2,10,4,40.00%
952,Player 1,26,17,65.38%
952,Player 2,9,2,22.22%
953,Player 1,42,17,40.48%
953,Player 2,40,15,37.50%
954,Player 1,24,17,70.83%
954,Player 2,11,6,54.55%
955,Player 1,52,17,32.69%
955,Player 2,47,12,25.53%
956,Player 1,31,12,38.71%
956,Player 2,34,17,50.00%
957,Player 1,27,17,62.96%
957,Player 2,16,5,31.25%
958,Player 1,42,17,40.48%
958,Player 2,41,15,36.59%
959,Player 1,25,17,68.00%
959,Player 2,10,2,20.00%
960,Player 1,25,17,68.00%
960,Player 2,18,11,61.11%
961,Player 1,29,17,58.62%
961,Player 2,24,12,50.00%
962,Player 1,26,17,65.38%
962,Player 2,7,0,0.00%
963,Player 1,27,17,62.96%
963,Player 2,17,7,41.18%
964,Player 1,23,17,73.91%
964,Player 2,4,0,0.00%
965,Player 1,27,17,62.96%
965,Player 2,9,0,0.00%
966,Player 1,24,17,70.83%
966,Player 2,14,7,50.00%
967,Player 1,56,17,30.36%
967,Player 2,51,11,21.57%
968,Player 1,28,17,60.71%
968,Player 2,20,8,40.00%
969,Player 1,27,17,62.96%
969,Player 2,13,5,38.46%
970,Player 1,25,17,68.00%
970,Player 2,13,6,46.15%
971,Player 1,25,17,68.00%
971,Player 2,12,5,41.67%
972,Player 1,25,17,68.00%
972,Player 2,21,11,52.38%
973,Player 1,29,17,58.62%
973,Player 2,19,7,36.84%
974,Player 1,30,17,56.67%
974,Player 2,21,9,42.86%
975,Player 1,25,17,68.00%
975,Player 2,12,5,41.67%
976,Player 1,24,17,70.83%
976,Player 2,9,3,33.33%
977,Player 1,22,17,77.27%
977,Player 2,4,0,0.00%
978,Player 1,22,17,77.27%
978,Player 2,11,5,45.45%
979,Player 1,21,17,80.95%
979,Player 2,2,0,0.00%
980,Player 1,26,17,65.38%
980,Player 2,8,0,0.00%
981,Player 1,27,17,62.96%
981,Player 2,8,0,0.00%
982,Player 1,23,17,73.91%
982,Player 2,6,1,16.67%
983,Player 1,23,17,73.91%
983,Player 2,3,0,0.00%
984,Player 1,24,17,70.83%
984,Player 2,13,6,46.15%
985,Player 1,24,17,70.83%
985,Player 2,11,5,45.45%
986,Player 1,24,17,70.83%
986,Player 2,6,0,0.00%
987,Player 1,25,17,68.00%
987,Player 2,5,0,0.00%
988,Player 1,21,17,80.95%
988,Player 2,13,8,61.54%
989,Player 1,27,17,62.96%
989,Player 2,18,9,50.00%
990,Player 1,27,17,62.96%
990,Player 2,11,3,27.27%
991,Player 1,25,17,68.00%
991,Player 2,13,5,38.46%
992,Player 1,23,17,73.91%
992,Player 2,9,4,44.44%
993,Player 1,23,17,73.91%
993,Player 2,6,0,0.00%
994,Player 1,26,17,65.38%
994,Player 2,16,6,37.50%
995,Player 1,25,17,68.00%
995,Player 2,7,3,42.86%
996,Player 1,25,17,68.00%
996,Player 2,6,1,16.67%
997,Player 1,24,17,70.83%
997,Player 2,10,3,30.00%
998,Player 1,22,17,77.27%
998,Player 2,3,0,0.00%
999,Player 1,27,17,62.96%
999,Player 2,6,0,0.00%
1000,Player 1,26,17,65.38%
1000,Player 2,10,3,30.00%
