Game,Player,MaxConsecutiveHits
1,Player 1,5
1,Player 2,1
2,Player 1,5
2,Player 2,2
3,Player 1,4
3,Player 2,0
4,Player 1,7
4,Player 2,0
5,Player 1,4
5,Player 2,6
6,Player 1,5
6,Player 2,0
7,Player 1,8
7,Player 2,3
8,Player 1,5
8,Player 2,0
9,Player 1,6
9,Player 2,4
10,Player 1,5
10,Player 2,3
11,Player 1,6
11,Player 2,1
12,Player 1,5
12,Player 2,3
13,Player 1,8
13,Player 2,4
14,Player 1,4
14,Player 2,4
15,Player 1,3
15,Player 2,2
16,Player 1,6
16,Player 2,0
17,Player 1,11
17,Player 2,1
18,Player 1,1
18,Player 2,5
19,Player 1,4
19,Player 2,0
20,Player 1,6
20,Player 2,4
21,Player 1,7
21,Player 2,0
22,Player 1,8
22,Player 2,3
23,Player 1,5
23,Player 2,0
24,Player 1,5
24,Player 2,5
25,Player 1,6
25,Player 2,5
26,Player 1,8
26,Player 2,0
27,Player 1,5
27,Player 2,1
28,Player 1,4
28,Player 2,3
29,Player 1,5
29,Player 2,0
30,Player 1,5
30,Player 2,4
31,Player 1,3
31,Player 2,1
32,Player 1,5
32,Player 2,5
33,Player 1,7
33,Player 2,5
34,Player 1,6
34,Player 2,1
35,Player 1,5
35,Player 2,3
36,Player 1,3
36,Player 2,0
37,Player 1,4
37,Player 2,2
38,Player 1,5
38,Player 2,2
39,Player 1,5
39,Player 2,3
40,Player 1,5
40,Player 2,0
41,Player 1,6
41,Player 2,4
42,Player 1,5
42,Player 2,1
43,Player 1,8
43,Player 2,6
44,Player 1,6
44,Player 2,0
45,Player 1,4
45,Player 2,0
46,Player 1,4
46,Player 2,2
47,Player 1,6
47,Player 2,3
48,Player 1,8
48,Player 2,3
49,Player 1,4
49,Player 2,5
50,Player 1,4
50,Player 2,4
51,Player 1,5
51,Player 2,4
52,Player 1,1
52,Player 2,7
53,Player 1,5
53,Player 2,3
54,Player 1,8
54,Player 2,3
55,Player 1,4
55,Player 2,3
56,Player 1,10
56,Player 2,1
57,Player 1,5
57,Player 2,4
58,Player 1,5
58,Player 2,4
59,Player 1,5
59,Player 2,4
60,Player 1,5
60,Player 2,4
61,Player 1,7
61,Player 2,5
62,Player 1,6
62,Player 2,3
63,Player 1,7
63,Player 2,2
64,Player 1,6
64,Player 2,0
65,Player 1,4
65,Player 2,0
66,Player 1,8
66,Player 2,0
67,Player 1,3
67,Player 2,3
68,Player 1,8
68,Player 2,4
69,Player 1,3
69,Player 2,2
70,Player 1,9
70,Player 2,0
71,Player 1,6
71,Player 2,0
72,Player 1,4
72,Player 2,3
73,Player 1,9
73,Player 2,0
74,Player 1,4
74,Player 2,0
75,Player 1,7
75,Player 2,2
76,Player 1,4
76,Player 2,4
77,Player 1,5
77,Player 2,3
78,Player 1,8
78,Player 2,2
79,Player 1,7
79,Player 2,0
80,Player 1,7
80,Player 2,0
81,Player 1,5
81,Player 2,4
82,Player 1,3
82,Player 2,4
83,Player 1,3
83,Player 2,1
84,Player 1,6
84,Player 2,0
85,Player 1,7
85,Player 2,3
86,Player 1,11
86,Player 2,0
87,Player 1,5
87,Player 2,3
88,Player 1,3
88,Player 2,1
89,Player 1,10
89,Player 2,3
90,Player 1,7
90,Player 2,0
91,Player 1,7
91,Player 2,0
92,Player 1,9
92,Player 2,3
93,Player 1,5
93,Player 2,5
94,Player 1,8
94,Player 2,0
95,Player 1,5
95,Player 2,3
96,Player 1,6
96,Player 2,4
97,Player 1,6
97,Player 2,3
98,Player 1,6
98,Player 2,2
99,Player 1,7
99,Player 2,4
100,Player 1,7
100,Player 2,0
101,Player 1,7
101,Player 2,0
102,Player 1,3
102,Player 2,2
103,Player 1,5
103,Player 2,1
104,Player 1,9
104,Player 2,0
105,Player 1,4
105,Player 2,3
106,Player 1,4
106,Player 2,1
107,Player 1,6
107,Player 2,2
108,Player 1,5
108,Player 2,3
109,Player 1,9
109,Player 2,3
110,Player 1,5
110,Player 2,0
111,Player 1,5
111,Player 2,4
112,Player 1,5
112,Player 2,5
113,Player 1,5
113,Player 2,0
114,Player 1,6
114,Player 2,5
115,Player 1,7
115,Player 2,4
116,Player 1,6
116,Player 2,3
117,Player 1,7
117,Player 2,3
118,Player 1,9
118,Player 2,0
119,Player 1,9
119,Player 2,0
120,Player 1,7
120,Player 2,5
121,Player 1,6
121,Player 2,0
122,Player 1,5
122,Player 2,2
123,Player 1,5
123,Player 2,5
124,Player 1,7
124,Player 2,4
125,Player 1,6
125,Player 2,0
126,Player 1,12
126,Player 2,0
127,Player 1,5
127,Player 2,5
128,Player 1,6
128,Player 2,0
129,Player 1,5
129,Player 2,4
130,Player 1,5
130,Player 2,2
131,Player 1,9
131,Player 2,4
132,Player 1,5
132,Player 2,0
133,Player 1,7
133,Player 2,3
134,Player 1,5
134,Player 2,0
135,Player 1,7
135,Player 2,0
136,Player 1,5
136,Player 2,2
137,Player 1,7
137,Player 2,0
138,Player 1,4
138,Player 2,0
139,Player 1,7
139,Player 2,1
140,Player 1,4
140,Player 2,4
141,Player 1,5
141,Player 2,2
142,Player 1,7
142,Player 2,5
143,Player 1,6
143,Player 2,1
144,Player 1,7
144,Player 2,0
145,Player 1,7
145,Player 2,3
146,Player 1,9
146,Player 2,0
147,Player 1,6
147,Player 2,0
148,Player 1,3
148,Player 2,2
149,Player 1,7
149,Player 2,0
150,Player 1,5
150,Player 2,4
151,Player 1,6
151,Player 2,3
152,Player 1,8
152,Player 2,0
153,Player 1,7
153,Player 2,4
154,Player 1,10
154,Player 2,1
155,Player 1,10
155,Player 2,2
156,Player 1,5
156,Player 2,0
157,Player 1,8
157,Player 2,3
158,Player 1,5
158,Player 2,2
159,Player 1,4
159,Player 2,3
160,Player 1,5
160,Player 2,4
161,Player 1,6
161,Player 2,4
162,Player 1,7
162,Player 2,2
163,Player 1,5
163,Player 2,0
164,Player 1,4
164,Player 2,5
165,Player 1,4
165,Player 2,3
166,Player 1,6
166,Player 2,0
167,Player 1,5
167,Player 2,0
168,Player 1,4
168,Player 2,3
169,Player 1,6
169,Player 2,0
170,Player 1,5
170,Player 2,3
171,Player 1,7
171,Player 2,0
172,Player 1,7
172,Player 2,0
173,Player 1,11
173,Player 2,6
174,Player 1,1
174,Player 2,5
175,Player 1,3
175,Player 2,5
176,Player 1,3
176,Player 2,4
177,Player 1,3
177,Player 2,4
178,Player 1,12
178,Player 2,2
179,Player 1,8
179,Player 2,0
180,Player 1,4
180,Player 2,4
181,Player 1,7
181,Player 2,2
182,Player 1,3
182,Player 2,3
183,Player 1,4
183,Player 2,5
184,Player 1,4
184,Player 2,1
185,Player 1,4
185,Player 2,0
186,Player 1,5
186,Player 2,0
187,Player 1,5
187,Player 2,1
188,Player 1,6
188,Player 2,2
189,Player 1,7
189,Player 2,6
190,Player 1,6
190,Player 2,5
191,Player 1,6
191,Player 2,2
192,Player 1,7
192,Player 2,1
193,Player 1,5
193,Player 2,2
194,Player 1,9
194,Player 2,0
195,Player 1,7
195,Player 2,2
196,Player 1,4
196,Player 2,3
197,Player 1,6
197,Player 2,2
198,Player 1,4
198,Player 2,4
199,Player 1,7
199,Player 2,3
200,Player 1,5
200,Player 2,0
201,Player 1,7
201,Player 2,3
202,Player 1,2
202,Player 2,3
203,Player 1,7
203,Player 2,2
204,Player 1,7
204,Player 2,4
205,Player 1,10
205,Player 2,1
206,Player 1,3
206,Player 2,3
207,Player 1,5
207,Player 2,3
208,Player 1,8
208,Player 2,0
209,Player 1,6
209,Player 2,0
210,Player 1,4
210,Player 2,2
211,Player 1,5
211,Player 2,4
212,Player 1,6
212,Player 2,2
213,Player 1,4
213,Player 2,3
214,Player 1,6
214,Player 2,9
215,Player 1,5
215,Player 2,4
216,Player 1,5
216,Player 2,1
217,Player 1,6
217,Player 2,1
218,Player 1,6
218,Player 2,0
219,Player 1,7
219,Player 2,3
220,Player 1,5
220,Player 2,3
221,Player 1,5
221,Player 2,3
222,Player 1,5
222,Player 2,0
223,Player 1,7
223,Player 2,0
224,Player 1,4
224,Player 2,3
225,Player 1,7
225,Player 2,4
226,Player 1,5
226,Player 2,1
227,Player 1,5
227,Player 2,2
228,Player 1,1
228,Player 2,5
229,Player 1,3
229,Player 2,2
230,Player 1,8
230,Player 2,3
231,Player 1,7
231,Player 2,2
232,Player 1,9
232,Player 2,3
233,Player 1,5
233,Player 2,3
234,Player 1,10
234,Player 2,4
235,Player 1,3
235,Player 2,0
236,Player 1,7
236,Player 2,3
237,Player 1,4
237,Player 2,0
238,Player 1,6
238,Player 2,3
239,Player 1,6
239,Player 2,0
240,Player 1,8
240,Player 2,5
241,Player 1,5
241,Player 2,2
242,Player 1,5
242,Player 2,4
243,Player 1,3
243,Player 2,0
244,Player 1,4
244,Player 2,4
245,Player 1,11
245,Player 2,3
246,Player 1,3
246,Player 2,2
247,Player 1,6
247,Player 2,2
248,Player 1,6
248,Player 2,0
249,Player 1,7
249,Player 2,2
250,Player 1,4
250,Player 2,0
251,Player 1,6
251,Player 2,5
252,Player 1,7
252,Player 2,4
253,Player 1,6
253,Player 2,4
254,Player 1,13
254,Player 2,1
255,Player 1,6
255,Player 2,3
256,Player 1,1
256,Player 2,5
257,Player 1,5
257,Player 2,0
258,Player 1,9
258,Player 2,5
259,Player 1,9
259,Player 2,2
260,Player 1,7
260,Player 2,3
261,Player 1,8
261,Player 2,2
262,Player 1,9
262,Player 2,0
263,Player 1,3
263,Player 2,3
264,Player 1,7
264,Player 2,0
265,Player 1,7
265,Player 2,6
266,Player 1,1
266,Player 2,7
267,Player 1,4
267,Player 2,4
268,Player 1,4
268,Player 2,3
269,Player 1,5
269,Player 2,2
270,Player 1,8
270,Player 2,0
271,Player 1,2
271,Player 2,3
272,Player 1,7
272,Player 2,1
273,Player 1,4
273,Player 2,3
274,Player 1,8
274,Player 2,4
275,Player 1,4
275,Player 2,2
276,Player 1,5
276,Player 2,0
277,Player 1,5
277,Player 2,2
278,Player 1,7
278,Player 2,0
279,Player 1,5
279,Player 2,3
280,Player 1,8
280,Player 2,0
281,Player 1,3
281,Player 2,0
282,Player 1,6
282,Player 2,0
283,Player 1,6
283,Player 2,1
284,Player 1,5
284,Player 2,6
285,Player 1,4
285,Player 2,3
286,Player 1,4
286,Player 2,3
287,Player 1,11
287,Player 2,2
288,Player 1,7
288,Player 2,2
289,Player 1,4
289,Player 2,0
290,Player 1,3
290,Player 2,0
291,Player 1,4
291,Player 2,7
292,Player 1,4
292,Player 2,3
293,Player 1,5
293,Player 2,1
294,Player 1,5
294,Player 2,1
295,Player 1,4
295,Player 2,4
296,Player 1,7
296,Player 2,1
297,Player 1,4
297,Player 2,3
298,Player 1,7
298,Player 2,2
299,Player 1,8
299,Player 2,4
300,Player 1,9
300,Player 2,5
301,Player 1,5
301,Player 2,3
302,Player 1,5
302,Player 2,2
303,Player 1,3
303,Player 2,0
304,Player 1,5
304,Player 2,2
305,Player 1,7
305,Player 2,0
306,Player 1,7
306,Player 2,0
307,Player 1,8
307,Player 2,3
308,Player 1,5
308,Player 2,6
309,Player 1,4
309,Player 2,4
310,Player 1,4
310,Player 2,4
311,Player 1,6
311,Player 2,5
312,Player 1,5
312,Player 2,2
313,Player 1,7
313,Player 2,3
314,Player 1,5
314,Player 2,5
315,Player 1,5
315,Player 2,1
316,Player 1,12
316,Player 2,0
317,Player 1,5
317,Player 2,5
318,Player 1,4
318,Player 2,3
319,Player 1,6
319,Player 2,0
320,Player 1,6
320,Player 2,4
321,Player 1,6
321,Player 2,0
322,Player 1,7
322,Player 2,3
323,Player 1,5
323,Player 2,4
324,Player 1,3
324,Player 2,0
325,Player 1,5
325,Player 2,0
326,Player 1,5
326,Player 2,0
327,Player 1,4
327,Player 2,6
328,Player 1,8
328,Player 2,3
329,Player 1,4
329,Player 2,0
330,Player 1,6
330,Player 2,5
331,Player 1,5
331,Player 2,0
332,Player 1,6
332,Player 2,3
333,Player 1,5
333,Player 2,3
334,Player 1,4
334,Player 2,1
335,Player 1,5
335,Player 2,5
336,Player 1,6
336,Player 2,2
337,Player 1,6
337,Player 2,0
338,Player 1,5
338,Player 2,2
339,Player 1,5
339,Player 2,3
340,Player 1,6
340,Player 2,2
341,Player 1,7
341,Player 2,3
342,Player 1,5
342,Player 2,0
343,Player 1,6
343,Player 2,4
344,Player 1,5
344,Player 2,3
345,Player 1,13
345,Player 2,3
346,Player 1,5
346,Player 2,3
347,Player 1,8
347,Player 2,7
348,Player 1,5
348,Player 2,2
349,Player 1,3
349,Player 2,0
350,Player 1,9
350,Player 2,0
351,Player 1,7
351,Player 2,4
352,Player 1,7
352,Player 2,3
353,Player 1,5
353,Player 2,1
354,Player 1,3
354,Player 2,4
355,Player 1,5
355,Player 2,0
356,Player 1,3
356,Player 2,4
357,Player 1,6
357,Player 2,3
358,Player 1,3
358,Player 2,4
359,Player 1,7
359,Player 2,1
360,Player 1,4
360,Player 2,4
361,Player 1,6
361,Player 2,2
362,Player 1,7
362,Player 2,2
363,Player 1,5
363,Player 2,2
364,Player 1,8
364,Player 2,4
365,Player 1,4
365,Player 2,2
366,Player 1,7
366,Player 2,1
367,Player 1,4
367,Player 2,2
368,Player 1,5
368,Player 2,0
369,Player 1,6
369,Player 2,0
370,Player 1,9
370,Player 2,1
371,Player 1,5
371,Player 2,0
372,Player 1,5
372,Player 2,4
373,Player 1,1
373,Player 2,4
374,Player 1,3
374,Player 2,1
375,Player 1,6
375,Player 2,1
376,Player 1,4
376,Player 2,1
377,Player 1,5
377,Player 2,5
378,Player 1,4
378,Player 2,5
379,Player 1,2
379,Player 2,4
380,Player 1,7
380,Player 2,4
381,Player 1,5
381,Player 2,4
382,Player 1,8
382,Player 2,3
383,Player 1,6
383,Player 2,0
384,Player 1,5
384,Player 2,2
385,Player 1,11
385,Player 2,3
386,Player 1,5
386,Player 2,2
387,Player 1,3
387,Player 2,2
388,Player 1,5
388,Player 2,1
389,Player 1,4
389,Player 2,4
390,Player 1,5
390,Player 2,4
391,Player 1,6
391,Player 2,4
392,Player 1,4
392,Player 2,2
393,Player 1,4
393,Player 2,2
394,Player 1,7
394,Player 2,5
395,Player 1,5
395,Player 2,2
396,Player 1,6
396,Player 2,0
397,Player 1,9
397,Player 2,3
398,Player 1,4
398,Player 2,0
399,Player 1,8
399,Player 2,2
400,Player 1,7
400,Player 2,0
401,Player 1,5
401,Player 2,5
402,Player 1,2
402,Player 2,3
403,Player 1,8
403,Player 2,1
404,Player 1,5
404,Player 2,2
405,Player 1,5
405,Player 2,1
406,Player 1,9
406,Player 2,0
407,Player 1,3
407,Player 2,3
408,Player 1,7
408,Player 2,2
409,Player 1,5
409,Player 2,3
410,Player 1,5
410,Player 2,3
411,Player 1,9
411,Player 2,1
412,Player 1,5
412,Player 2,0
413,Player 1,7
413,Player 2,5
414,Player 1,4
414,Player 2,0
415,Player 1,5
415,Player 2,2
416,Player 1,5
416,Player 2,3
417,Player 1,5
417,Player 2,4
418,Player 1,5
418,Player 2,4
419,Player 1,5
419,Player 2,0
420,Player 1,5
420,Player 2,2
421,Player 1,6
421,Player 2,4
422,Player 1,5
422,Player 2,0
423,Player 1,7
423,Player 2,0
424,Player 1,5
424,Player 2,2
425,Player 1,4
425,Player 2,5
426,Player 1,8
426,Player 2,0
427,Player 1,11
427,Player 2,5
428,Player 1,8
428,Player 2,6
429,Player 1,9
429,Player 2,0
430,Player 1,4
430,Player 2,5
431,Player 1,5
431,Player 2,4
432,Player 1,6
432,Player 2,0
433,Player 1,5
433,Player 2,0
434,Player 1,5
434,Player 2,2
435,Player 1,1
435,Player 2,4
436,Player 1,4
436,Player 2,2
437,Player 1,5
437,Player 2,3
438,Player 1,5
438,Player 2,4
439,Player 1,6
439,Player 2,3
440,Player 1,7
440,Player 2,3
441,Player 1,9
441,Player 2,1
442,Player 1,12
442,Player 2,0
443,Player 1,9
443,Player 2,0
444,Player 1,4
444,Player 2,2
445,Player 1,5
445,Player 2,3
446,Player 1,8
446,Player 2,3
447,Player 1,5
447,Player 2,3
448,Player 1,5
448,Player 2,4
449,Player 1,8
449,Player 2,2
450,Player 1,4
450,Player 2,3
451,Player 1,5
451,Player 2,5
452,Player 1,4
452,Player 2,4
453,Player 1,4
453,Player 2,0
454,Player 1,5
454,Player 2,3
455,Player 1,5
455,Player 2,1
456,Player 1,4
456,Player 2,4
457,Player 1,8
457,Player 2,1
458,Player 1,5
458,Player 2,0
459,Player 1,6
459,Player 2,3
460,Player 1,3
460,Player 2,4
461,Player 1,13
461,Player 2,0
462,Player 1,6
462,Player 2,0
463,Player 1,10
463,Player 2,0
464,Player 1,6
464,Player 2,0
465,Player 1,5
465,Player 2,2
466,Player 1,5
466,Player 2,0
467,Player 1,6
467,Player 2,0
468,Player 1,7
468,Player 2,0
469,Player 1,7
469,Player 2,5
470,Player 1,5
470,Player 2,4
471,Player 1,5
471,Player 2,0
472,Player 1,5
472,Player 2,1
473,Player 1,5
473,Player 2,4
474,Player 1,5
474,Player 2,0
475,Player 1,10
475,Player 2,0
476,Player 1,9
476,Player 2,1
477,Player 1,7
477,Player 2,1
478,Player 1,6
478,Player 2,3
479,Player 1,4
479,Player 2,1
480,Player 1,5
480,Player 2,3
481,Player 1,8
481,Player 2,4
482,Player 1,14
482,Player 2,0
483,Player 1,6
483,Player 2,2
484,Player 1,5
484,Player 2,1
485,Player 1,4
485,Player 2,5
486,Player 1,6
486,Player 2,0
487,Player 1,5
487,Player 2,4
488,Player 1,5
488,Player 2,0
489,Player 1,1
489,Player 2,4
490,Player 1,8
490,Player 2,0
491,Player 1,5
491,Player 2,2
492,Player 1,4
492,Player 2,1
493,Player 1,9
493,Player 2,1
494,Player 1,6
494,Player 2,6
495,Player 1,7
495,Player 2,3
496,Player 1,3
496,Player 2,0
497,Player 1,5
497,Player 2,2
498,Player 1,7
498,Player 2,2
499,Player 1,4
499,Player 2,0
500,Player 1,5
500,Player 2,4
501,Player 1,5
501,Player 2,2
502,Player 1,1
502,Player 2,3
503,Player 1,4
503,Player 2,3
504,Player 1,4
504,Player 2,2
505,Player 1,6
505,Player 2,0
506,Player 1,6
506,Player 2,0
507,Player 1,10
507,Player 2,0
508,Player 1,7
508,Player 2,4
509,Player 1,7
509,Player 2,3
510,Player 1,9
510,Player 2,0
511,Player 1,6
511,Player 2,0
512,Player 1,4
512,Player 2,3
513,Player 1,1
513,Player 2,5
514,Player 1,4
514,Player 2,0
515,Player 1,5
515,Player 2,1
516,Player 1,10
516,Player 2,4
517,Player 1,6
517,Player 2,0
518,Player 1,7
518,Player 2,1
519,Player 1,6
519,Player 2,0
520,Player 1,4
520,Player 2,4
521,Player 1,6
521,Player 2,5
522,Player 1,6
522,Player 2,5
523,Player 1,5
523,Player 2,4
524,Player 1,9
524,Player 2,1
525,Player 1,5
525,Player 2,1
526,Player 1,5
526,Player 2,0
527,Player 1,3
527,Player 2,0
528,Player 1,10
528,Player 2,0
529,Player 1,10
529,Player 2,0
530,Player 1,4
530,Player 2,3
531,Player 1,6
531,Player 2,1
532,Player 1,7
532,Player 2,5
533,Player 1,7
533,Player 2,0
534,Player 1,1
534,Player 2,3
535,Player 1,6
535,Player 2,4
536,Player 1,7
536,Player 2,0
537,Player 1,1
537,Player 2,3
538,Player 1,4
538,Player 2,4
539,Player 1,4
539,Player 2,5
540,Player 1,10
540,Player 2,0
541,Player 1,4
541,Player 2,0
542,Player 1,4
542,Player 2,3
543,Player 1,4
543,Player 2,2
544,Player 1,4
544,Player 2,2
545,Player 1,9
545,Player 2,2
546,Player 1,6
546,Player 2,4
547,Player 1,7
547,Player 2,1
548,Player 1,6
548,Player 2,4
549,Player 1,5
549,Player 2,5
550,Player 1,8
550,Player 2,0
551,Player 1,6
551,Player 2,4
552,Player 1,5
552,Player 2,5
553,Player 1,6
553,Player 2,1
554,Player 1,7
554,Player 2,4
555,Player 1,7
555,Player 2,0
556,Player 1,5
556,Player 2,4
557,Player 1,7
557,Player 2,0
558,Player 1,5
558,Player 2,0
559,Player 1,11
559,Player 2,2
560,Player 1,5
560,Player 2,4
561,Player 1,8
561,Player 2,4
562,Player 1,1
562,Player 2,4
563,Player 1,8
563,Player 2,4
564,Player 1,4
564,Player 2,2
565,Player 1,8
565,Player 2,0
566,Player 1,4
566,Player 2,2
567,Player 1,7
567,Player 2,1
568,Player 1,11
568,Player 2,0
569,Player 1,6
569,Player 2,0
570,Player 1,4
570,Player 2,4
571,Player 1,7
571,Player 2,2
572,Player 1,6
572,Player 2,3
573,Player 1,3
573,Player 2,4
574,Player 1,4
574,Player 2,3
575,Player 1,5
575,Player 2,3
576,Player 1,6
576,Player 2,0
577,Player 1,5
577,Player 2,0
578,Player 1,8
578,Player 2,0
579,Player 1,4
579,Player 2,4
580,Player 1,6
580,Player 2,0
581,Player 1,8
581,Player 2,8
582,Player 1,5
582,Player 2,5
583,Player 1,6
583,Player 2,2
584,Player 1,6
584,Player 2,3
585,Player 1,6
585,Player 2,4
586,Player 1,3
586,Player 2,0
587,Player 1,4
587,Player 2,4
588,Player 1,8
588,Player 2,0
589,Player 1,5
589,Player 2,0
590,Player 1,6
590,Player 2,5
591,Player 1,14
591,Player 2,0
592,Player 1,5
592,Player 2,3
593,Player 1,4
593,Player 2,0
594,Player 1,7
594,Player 2,2
595,Player 1,6
595,Player 2,2
596,Player 1,7
596,Player 2,3
597,Player 1,5
597,Player 2,1
598,Player 1,5
598,Player 2,3
599,Player 1,6
599,Player 2,1
600,Player 1,7
600,Player 2,0
601,Player 1,6
601,Player 2,2
602,Player 1,4
602,Player 2,1
603,Player 1,5
603,Player 2,2
604,Player 1,6
604,Player 2,1
605,Player 1,5
605,Player 2,3
606,Player 1,7
606,Player 2,1
607,Player 1,4
607,Player 2,3
608,Player 1,12
608,Player 2,0
609,Player 1,5
609,Player 2,3
610,Player 1,3
610,Player 2,2
611,Player 1,3
611,Player 2,1
612,Player 1,2
612,Player 2,3
613,Player 1,5
613,Player 2,4
614,Player 1,1
614,Player 2,5
615,Player 1,5
615,Player 2,1
616,Player 1,7
616,Player 2,4
617,Player 1,2
617,Player 2,7
618,Player 1,5
618,Player 2,2
619,Player 1,4
619,Player 2,1
620,Player 1,5
620,Player 2,0
621,Player 1,5
621,Player 2,5
622,Player 1,5
622,Player 2,3
623,Player 1,5
623,Player 2,4
624,Player 1,7
624,Player 2,5
625,Player 1,4
625,Player 2,1
626,Player 1,7
626,Player 2,2
627,Player 1,8
627,Player 2,0
628,Player 1,4
628,Player 2,4
629,Player 1,4
629,Player 2,1
630,Player 1,4
630,Player 2,5
631,Player 1,5
631,Player 2,0
632,Player 1,6
632,Player 2,3
633,Player 1,6
633,Player 2,3
634,Player 1,5
634,Player 2,0
635,Player 1,6
635,Player 2,5
636,Player 1,9
636,Player 2,1
637,Player 1,7
637,Player 2,0
638,Player 1,4
638,Player 2,3
639,Player 1,10
639,Player 2,4
640,Player 1,9
640,Player 2,0
641,Player 1,9
641,Player 2,5
642,Player 1,3
642,Player 2,5
643,Player 1,5
643,Player 2,0
644,Player 1,7
644,Player 2,0
645,Player 1,5
645,Player 2,2
646,Player 1,7
646,Player 2,0
647,Player 1,3
647,Player 2,0
648,Player 1,7
648,Player 2,0
649,Player 1,5
649,Player 2,1
650,Player 1,6
650,Player 2,3
651,Player 1,10
651,Player 2,3
652,Player 1,7
652,Player 2,1
653,Player 1,10
653,Player 2,2
654,Player 1,6
654,Player 2,3
655,Player 1,7
655,Player 2,0
656,Player 1,6
656,Player 2,0
657,Player 1,4
657,Player 2,3
658,Player 1,3
658,Player 2,0
659,Player 1,3
659,Player 2,1
660,Player 1,11
660,Player 2,0
661,Player 1,5
661,Player 2,3
662,Player 1,5
662,Player 2,3
663,Player 1,5
663,Player 2,2
664,Player 1,5
664,Player 2,1
665,Player 1,4
665,Player 2,2
666,Player 1,4
666,Player 2,2
667,Player 1,8
667,Player 2,3
668,Player 1,8
668,Player 2,2
669,Player 1,6
669,Player 2,4
670,Player 1,8
670,Player 2,0
671,Player 1,9
671,Player 2,2
672,Player 1,6
672,Player 2,0
673,Player 1,5
673,Player 2,1
674,Player 1,5
674,Player 2,8
675,Player 1,5
675,Player 2,5
676,Player 1,4
676,Player 2,0
677,Player 1,8
677,Player 2,5
678,Player 1,7
678,Player 2,0
679,Player 1,6
679,Player 2,1
680,Player 1,5
680,Player 2,2
681,Player 1,5
681,Player 2,0
682,Player 1,6
682,Player 2,0
683,Player 1,9
683,Player 2,3
684,Player 1,3
684,Player 2,6
685,Player 1,9
685,Player 2,0
686,Player 1,10
686,Player 2,2
687,Player 1,7
687,Player 2,3
688,Player 1,6
688,Player 2,2
689,Player 1,5
689,Player 2,5
690,Player 1,6
690,Player 2,0
691,Player 1,6
691,Player 2,3
692,Player 1,6
692,Player 2,5
693,Player 1,6
693,Player 2,0
694,Player 1,5
694,Player 2,4
695,Player 1,6
695,Player 2,4
696,Player 1,8
696,Player 2,2
697,Player 1,8
697,Player 2,4
698,Player 1,5
698,Player 2,0
699,Player 1,5
699,Player 2,0
700,Player 1,9
700,Player 2,4
701,Player 1,5
701,Player 2,1
702,Player 1,7
702,Player 2,3
703,Player 1,6
703,Player 2,3
704,Player 1,6
704,Player 2,3
705,Player 1,3
705,Player 2,5
706,Player 1,6
706,Player 2,2
707,Player 1,6
707,Player 2,3
708,Player 1,7
708,Player 2,1
709,Player 1,6
709,Player 2,0
710,Player 1,5
710,Player 2,0
711,Player 1,7
711,Player 2,2
712,Player 1,7
712,Player 2,4
713,Player 1,5
713,Player 2,6
714,Player 1,8
714,Player 2,0
715,Player 1,7
715,Player 2,3
716,Player 1,5
716,Player 2,0
717,Player 1,4
717,Player 2,2
718,Player 1,6
718,Player 2,4
719,Player 1,5
719,Player 2,3
720,Player 1,10
720,Player 2,1
721,Player 1,10
721,Player 2,0
722,Player 1,6
722,Player 2,3
723,Player 1,6
723,Player 2,3
724,Player 1,6
724,Player 2,1
725,Player 1,5
725,Player 2,4
726,Player 1,11
726,Player 2,0
727,Player 1,4
727,Player 2,0
728,Player 1,9
728,Player 2,4
729,Player 1,8
729,Player 2,5
730,Player 1,4
730,Player 2,2
731,Player 1,4
731,Player 2,1
732,Player 1,5
732,Player 2,5
733,Player 1,6
733,Player 2,0
734,Player 1,8
734,Player 2,2
735,Player 1,5
735,Player 2,3
736,Player 1,6
736,Player 2,4
737,Player 1,7
737,Player 2,0
738,Player 1,7
738,Player 2,0
739,Player 1,7
739,Player 2,2
740,Player 1,3
740,Player 2,5
741,Player 1,8
741,Player 2,0
742,Player 1,6
742,Player 2,0
743,Player 1,4
743,Player 2,1
744,Player 1,3
744,Player 2,0
745,Player 1,6
745,Player 2,3
746,Player 1,6
746,Player 2,4
747,Player 1,7
747,Player 2,1
748,Player 1,5
748,Player 2,2
749,Player 1,4
749,Player 2,2
750,Player 1,8
750,Player 2,3
751,Player 1,1
751,Player 2,3
752,Player 1,6
752,Player 2,4
753,Player 1,5
753,Player 2,0
754,Player 1,5
754,Player 2,4
755,Player 1,5
755,Player 2,1
756,Player 1,5
756,Player 2,1
757,Player 1,3
757,Player 2,2
758,Player 1,5
758,Player 2,2
759,Player 1,5
759,Player 2,0
760,Player 1,6
760,Player 2,0
761,Player 1,5
761,Player 2,2
762,Player 1,4
762,Player 2,0
763,Player 1,5
763,Player 2,3
764,Player 1,4
764,Player 2,3
765,Player 1,5
765,Player 2,3
766,Player 1,5
766,Player 2,3
767,Player 1,4
767,Player 2,3
768,Player 1,7
768,Player 2,0
769,Player 1,4
769,Player 2,4
770,Player 1,5
770,Player 2,0
771,Player 1,3
771,Player 2,5
772,Player 1,8
772,Player 2,3
773,Player 1,5
773,Player 2,6
774,Player 1,4
774,Player 2,1
775,Player 1,5
775,Player 2,4
776,Player 1,5
776,Player 2,0
777,Player 1,9
777,Player 2,8
778,Player 1,7
778,Player 2,2
779,Player 1,1
779,Player 2,6
780,Player 1,11
780,Player 2,2
781,Player 1,1
781,Player 2,6
782,Player 1,1
782,Player 2,4
783,Player 1,4
783,Player 2,3
784,Player 1,7
784,Player 2,5
785,Player 1,4
785,Player 2,3
786,Player 1,6
786,Player 2,4
787,Player 1,5
787,Player 2,3
788,Player 1,6
788,Player 2,1
789,Player 1,8
789,Player 2,0
790,Player 1,4
790,Player 2,0
791,Player 1,5
791,Player 2,4
792,Player 1,12
792,Player 2,0
793,Player 1,7
793,Player 2,0
794,Player 1,5
794,Player 2,5
795,Player 1,5
795,Player 2,4
796,Player 1,6
796,Player 2,3
797,Player 1,4
797,Player 2,2
798,Player 1,7
798,Player 2,5
799,Player 1,4
799,Player 2,3
800,Player 1,9
800,Player 2,0
801,Player 1,6
801,Player 2,4
802,Player 1,10
802,Player 2,3
803,Player 1,3
803,Player 2,3
804,Player 1,7
804,Player 2,0
805,Player 1,6
805,Player 2,4
806,Player 1,5
806,Player 2,3
807,Player 1,8
807,Player 2,4
808,Player 1,5
808,Player 2,1
809,Player 1,8
809,Player 2,3
810,Player 1,6
810,Player 2,4
811,Player 1,9
811,Player 2,4
812,Player 1,9
812,Player 2,0
813,Player 1,5
813,Player 2,4
814,Player 1,7
814,Player 2,0
815,Player 1,10
815,Player 2,1
816,Player 1,4
816,Player 2,1
817,Player 1,7
817,Player 2,0
818,Player 1,5
818,Player 2,2
819,Player 1,8
819,Player 2,0
820,Player 1,7
820,Player 2,1
821,Player 1,5
821,Player 2,2
822,Player 1,6
822,Player 2,0
823,Player 1,6
823,Player 2,2
824,Player 1,7
824,Player 2,3
825,Player 1,6
825,Player 2,2
826,Player 1,5
826,Player 2,3
827,Player 1,6
827,Player 2,0
828,Player 1,4
828,Player 2,5
829,Player 1,5
829,Player 2,3
830,Player 1,11
830,Player 2,0
831,Player 1,6
831,Player 2,6
832,Player 1,7
832,Player 2,0
833,Player 1,12
833,Player 2,6
834,Player 1,6
834,Player 2,5
835,Player 1,3
835,Player 2,3
836,Player 1,5
836,Player 2,3
837,Player 1,4
837,Player 2,3
838,Player 1,4
838,Player 2,2
839,Player 1,7
839,Player 2,0
840,Player 1,4
840,Player 2,2
841,Player 1,3
841,Player 2,0
842,Player 1,4
842,Player 2,1
843,Player 1,5
843,Player 2,0
844,Player 1,7
844,Player 2,3
845,Player 1,4
845,Player 2,0
846,Player 1,9
846,Player 2,0
847,Player 1,8
847,Player 2,4
848,Player 1,3
848,Player 2,2
849,Player 1,7
849,Player 2,2
850,Player 1,5
850,Player 2,0
851,Player 1,14
851,Player 2,2
852,Player 1,5
852,Player 2,2
853,Player 1,4
853,Player 2,4
854,Player 1,7
854,Player 2,3
855,Player 1,9
855,Player 2,1
856,Player 1,6
856,Player 2,3
857,Player 1,4
857,Player 2,4
858,Player 1,11
858,Player 2,5
859,Player 1,3
859,Player 2,4
860,Player 1,5
860,Player 2,4
861,Player 1,4
861,Player 2,4
862,Player 1,2
862,Player 2,4
863,Player 1,5
863,Player 2,4
864,Player 1,6
864,Player 2,0
865,Player 1,5
865,Player 2,4
866,Player 1,5
866,Player 2,2
867,Player 1,5
867,Player 2,4
868,Player 1,3
868,Player 2,3
869,Player 1,9
869,Player 2,4
870,Player 1,11
870,Player 2,4
871,Player 1,5
871,Player 2,0
872,Player 1,7
872,Player 2,0
873,Player 1,6
873,Player 2,2
874,Player 1,5
874,Player 2,4
875,Player 1,5
875,Player 2,4
876,Player 1,6
876,Player 2,0
877,Player 1,5
877,Player 2,2
878,Player 1,5
878,Player 2,4
879,Player 1,7
879,Player 2,0
880,Player 1,5
880,Player 2,2
881,Player 1,3
881,Player 2,2
882,Player 1,2
882,Player 2,7
883,Player 1,5
883,Player 2,5
884,Player 1,5
884,Player 2,3
885,Player 1,5
885,Player 2,0
886,Player 1,5
886,Player 2,1
887,Player 1,6
887,Player 2,4
888,Player 1,10
888,Player 2,5
889,Player 1,5
889,Player 2,2
890,Player 1,7
890,Player 2,3
891,Player 1,11
891,Player 2,4
892,Player 1,10
892,Player 2,4
893,Player 1,8
893,Player 2,1
894,Player 1,4
894,Player 2,3
895,Player 1,6
895,Player 2,4
896,Player 1,5
896,Player 2,0
897,Player 1,3
897,Player 2,8
898,Player 1,7
898,Player 2,4
899,Player 1,9
899,Player 2,1
900,Player 1,4
900,Player 2,0
901,Player 1,6
901,Player 2,1
902,Player 1,7
902,Player 2,0
903,Player 1,6
903,Player 2,5
904,Player 1,4
904,Player 2,0
905,Player 1,11
905,Player 2,2
906,Player 1,14
906,Player 2,0
907,Player 1,7
907,Player 2,3
908,Player 1,11
908,Player 2,0
909,Player 1,8
909,Player 2,2
910,Player 1,13
910,Player 2,0
911,Player 1,11
911,Player 2,1
912,Player 1,7
912,Player 2,3
913,Player 1,6
913,Player 2,2
914,Player 1,7
914,Player 2,0
915,Player 1,3
915,Player 2,0
916,Player 1,4
916,Player 2,3
917,Player 1,14
917,Player 2,0
918,Player 1,6
918,Player 2,3
919,Player 1,3
919,Player 2,0
920,Player 1,12
920,Player 2,1
921,Player 1,5
921,Player 2,4
922,Player 1,6
922,Player 2,2
923,Player 1,9
923,Player 2,2
924,Player 1,3
924,Player 2,0
925,Player 1,4
925,Player 2,2
926,Player 1,4
926,Player 2,4
927,Player 1,4
927,Player 2,2
928,Player 1,6
928,Player 2,0
929,Player 1,6
929,Player 2,0
930,Player 1,3
930,Player 2,4
931,Player 1,6
931,Player 2,4
932,Player 1,7
932,Player 2,2
933,Player 1,3
933,Player 2,0
934,Player 1,5
934,Player 2,5
935,Player 1,4
935,Player 2,3
936,Player 1,6
936,Player 2,0
937,Player 1,13
937,Player 2,0
938,Player 1,5
938,Player 2,4
939,Player 1,7
939,Player 2,0
940,Player 1,6
940,Player 2,0
941,Player 1,5
941,Player 2,0
942,Player 1,6
942,Player 2,2
943,Player 1,2
943,Player 2,4
944,Player 1,8
944,Player 2,0
945,Player 1,5
945,Player 2,5
946,Player 1,4
946,Player 2,2
947,Player 1,5
947,Player 2,3
948,Player 1,8
948,Player 2,0
949,Player 1,5
949,Player 2,0
950,Player 1,5
950,Player 2,2
951,Player 1,3
951,Player 2,1
952,Player 1,8
952,Player 2,4
953,Player 1,9
953,Player 2,1
954,Player 1,5
954,Player 2,3
955,Player 1,10
955,Player 2,3
956,Player 1,10
956,Player 2,0
957,Player 1,7
957,Player 2,4
958,Player 1,1
958,Player 2,3
959,Player 1,6
959,Player 2,4
960,Player 1,6
960,Player 2,4
961,Player 1,6
961,Player 2,0
962,Player 1,5
962,Player 2,0
963,Player 1,6
963,Player 2,0
964,Player 1,3
964,Player 2,4
965,Player 1,5
965,Player 2,0
966,Player 1,5
966,Player 2,3
967,Player 1,4
967,Player 2,3
968,Player 1,6
968,Player 2,3
969,Player 1,3
969,Player 2,1
970,Player 1,4
970,Player 2,1
971,Player 1,4
971,Player 2,5
972,Player 1,6
972,Player 2,0
973,Player 1,7
973,Player 2,4
974,Player 1,6
974,Player 2,3
975,Player 1,5
975,Player 2,2
976,Player 1,5
976,Player 2,3
977,Player 1,4
977,Player 2,2
978,Player 1,2
978,Player 2,5
979,Player 1,6
979,Player 2,3
980,Player 1,7
980,Player 2,4
981,Player 1,5
981,Player 2,0
982,Player 1,4
982,Player 2,0
983,Player 1,5
983,Player 2,0
984,Player 1,6
984,Player 2,1
985,Player 1,5
985,Player 2,0
986,Player 1,12
986,Player 2,3
987,Player 1,5
987,Player 2,0
988,Player 1,7
988,Player 2,1
989,Player 1,5
989,Player 2,0
990,Player 1,8
990,Player 2,0
991,Player 1,6
991,Player 2,4
992,Player 1,5
992,Player 2,3
993,Player 1,8
993,Player 2,0
994,Player 1,7
994,Player 2,0
995,Player 1,3
995,Player 2,4
996,Player 1,4
996,Player 2,0
997,Player 1,6
997,Player 2,3
998,Player 1,5
998,Player 2,1
999,Player 1,5
999,Player 2,3
1000,Player 1,4
1000,Player 2,1
